-- phpMyAdmin SQL Dump
-- version 5.0.2
-- https://www.phpmyadmin.net/
--
-- Host: 127.0.0.1:3306
-- Generation Time: Sep 06, 2021 at 09:43 PM
-- Server version: 8.0.21
-- PHP Version: 7.3.21

SET SQL_MODE = "NO_AUTO_VALUE_ON_ZERO";
START TRANSACTION;
SET time_zone = "+00:00";


/*!40101 SET @OLD_CHARACTER_SET_CLIENT=@@CHARACTER_SET_CLIENT */;
/*!40101 SET @OLD_CHARACTER_SET_RESULTS=@@CHARACTER_SET_RESULTS */;
/*!40101 SET @OLD_COLLATION_CONNECTION=@@COLLATION_CONNECTION */;
/*!40101 SET NAMES utf8mb4 */;

--
-- Database: `pos_v3_club_kisses`
--

-- --------------------------------------------------------

--
-- Table structure for table `bf_activities`
--

DROP TABLE IF EXISTS `bf_activities`;
CREATE TABLE IF NOT EXISTS `bf_activities` (
  `activity_id` bigint NOT NULL AUTO_INCREMENT,
  `user_id` bigint UNSIGNED NOT NULL DEFAULT '0',
  `activity` varchar(255) NOT NULL,
  `module` varchar(255) NOT NULL,
  `created_on` datetime NOT NULL,
  `deleted` tinyint NOT NULL DEFAULT '0',
  PRIMARY KEY (`activity_id`)
) ENGINE=MyISAM DEFAULT CHARSET=utf8;

-- --------------------------------------------------------

--
-- Table structure for table `bf_ci3_sessions`
--

DROP TABLE IF EXISTS `bf_ci3_sessions`;
CREATE TABLE IF NOT EXISTS `bf_ci3_sessions` (
  `id` varchar(40) NOT NULL,
  `ip_address` varchar(45) NOT NULL,
  `timestamp` int UNSIGNED NOT NULL DEFAULT '0',
  `data` blob NOT NULL,
  PRIMARY KEY (`id`)
) ENGINE=MyISAM DEFAULT CHARSET=utf8;

--
-- Dumping data for table `bf_ci3_sessions`
--

INSERT INTO `bf_ci3_sessions` (`id`, `ip_address`, `timestamp`, `data`) VALUES
('5c87bf6537e4a87d33b6635b66d062c513a9b1ba', '::1', 1621601585, 0x5f5f63695f6c6173745f726567656e65726174657c693a313632313630313538353b),
('2db3fb5718f1888bbb329188e462c391eadc5a77', '::1', 1621610636, 0x5f5f63695f6c6173745f726567656e65726174657c693a313632313631303633363b),
('0d757b1ed7a65e49575d18e2a42cc90821ca8bb3', '::1', 1621612277, 0x5f5f63695f6c6173745f726567656e65726174657c693a313632313631323234313b7265717565737465645f706167657c733a34303a22687474703a2f2f6c6f63616c686f73742f636c75625f6b69737365732f7075626c69632f686f6d65223b70726576696f75735f706167657c733a34303a22687474703a2f2f6c6f63616c686f73742f636c75625f6b69737365732f7075626c69632f686f6d65223b757365725f69647c733a323a223231223b617574685f637573746f6d7c733a363a2253796c766961223b757365725f746f6b656e7c733a34303a2236343236643431633830346234313838376436383562623033336337323362376639386435663439223b6964656e746974797c733a363a2253796c766961223b726f6c655f69647c733a313a2237223b6c6f676765645f696e7c623a313b),
('33a8331ed8d2a50b6190f71cb9e3fee74bf2be2b', '::1', 1621613870, 0x5f5f63695f6c6173745f726567656e65726174657c693a313632313631333837303b),
('7a72bd457d1f55d4c3eaa2bccf5dc64283f71381', '::1', 1621614320, 0x5f5f63695f6c6173745f726567656e65726174657c693a313632313631343332303b),
('738a59a2792927f1147f5fb9a9d14941f6ee4800', '::1', 1621616724, 0x5f5f63695f6c6173745f726567656e65726174657c693a313632313631363432343b7265717565737465645f706167657c733a36363a22687474703a2f2f6c6f63616c686f73742f636c75625f6b69737365732f7075626c69632f686f6d652f70726f647563745f646973706c61795f747970652f31303335223b70726576696f75735f706167657c733a36363a22687474703a2f2f6c6f63616c686f73742f636c75625f6b69737365732f7075626c69632f686f6d652f70726f647563745f646973706c61795f747970652f31303335223b757365725f69647c733a323a223231223b617574685f637573746f6d7c733a363a2253796c766961223b757365725f746f6b656e7c733a34303a2236343236643431633830346234313838376436383562623033336337323362376639386435663439223b6964656e746974797c733a363a2253796c766961223b726f6c655f69647c733a313a2237223b6c6f676765645f696e7c623a313b),
('936b7d7c0f401f338c66724b81b2d4c0f42da085', '::1', 1621616901, 0x5f5f63695f6c6173745f726567656e65726174657c693a313632313631363930313b),
('be28e6df9190b16dd947e7c9e33255fd21cb0e70', '::1', 1621621842, 0x5f5f63695f6c6173745f726567656e65726174657c693a313632313632313537363b7265717565737465645f706167657c733a34303a22687474703a2f2f6c6f63616c686f73742f636c75625f6b69737365732f7075626c69632f686f6d65223b70726576696f75735f706167657c733a34303a22687474703a2f2f6c6f63616c686f73742f636c75625f6b69737365732f7075626c69632f686f6d65223b757365725f69647c733a323a223231223b617574685f637573746f6d7c733a363a2253796c766961223b757365725f746f6b656e7c733a34303a2236343236643431633830346234313838376436383562623033336337323362376639386435663439223b6964656e746974797c733a363a2253796c766961223b726f6c655f69647c733a313a2237223b6c6f676765645f696e7c623a313b),
('38940a6008e9e3d6fa9364f891b98f8fde5757c4', '192.168.1.180', 1621621818, 0x5f5f63695f6c6173745f726567656e65726174657c693a313632313632313736363b7265717565737465645f706167657c733a35393a22687474703a2f2f636c75626b69737365732f636c75625f6b69737365732f7075626c69632f73746f636b732f656469745f73686f705f73746f636b223b70726576696f75735f706167657c733a35393a22687474703a2f2f636c75626b69737365732f636c75625f6b69737365732f7075626c69632f73746f636b732f656469745f73686f705f73746f636b223b757365725f69647c733a323a223237223b617574685f637573746f6d7c733a363a224252454e4441223b757365725f746f6b656e7c733a34303a2261613035653938623334623537656361363034396631346333663731613564313735353835323630223b6964656e746974797c733a363a224252454e4441223b726f6c655f69647c733a313a2238223b6c6f676765645f696e7c623a313b6c616e67756167657c733a373a22456e676c697368223b6d6573736167657c733a303a22223b5f5f63695f766172737c613a313a7b733a373a226d657373616765223b733a333a226f6c64223b7d),
('8d6d4add16ed120507c9ab25aa715b3b6e308c19', '::1', 1621622957, 0x5f5f63695f6c6173745f726567656e65726174657c693a313632313632323935373b),
('fd04c8d08a963e25806ec488be85fce01fc543c2', '::1', 1621669811, 0x5f5f63695f6c6173745f726567656e65726174657c693a313632313636393831313b),
('09aae7d9d97be9af3fc541439b4f2233c79726c1', '::1', 1621671212, 0x5f5f63695f6c6173745f726567656e65726174657c693a313632313637313137363b7265717565737465645f706167657c733a35333a22687474703a2f2f6c6f63616c686f73742f636c75625f6b69737365732f7075626c69632f686f6d652f73656c6c5f70726f64756374223b70726576696f75735f706167657c733a35333a22687474703a2f2f6c6f63616c686f73742f636c75625f6b69737365732f7075626c69632f686f6d652f73656c6c5f70726f64756374223b757365725f69647c733a323a223231223b617574685f637573746f6d7c733a363a2253796c766961223b757365725f746f6b656e7c733a34303a2236343236643431633830346234313838376436383562623033336337323362376639386435663439223b6964656e746974797c733a363a2253796c766961223b726f6c655f69647c733a313a2237223b6c6f676765645f696e7c623a313b),
('d4515fe8be581655f9bd22054153fffe19d97bce', '192.168.1.180', 1621673168, 0x5f5f63695f6c6173745f726567656e65726174657c693a313632313637333136383b),
('85295ae0d9b409336fd1a321df695295d18de915', '::1', 1621673540, 0x5f5f63695f6c6173745f726567656e65726174657c693a313632313637333534303b),
('f6e204776c6601bf75eb131d03c42470106708f9', '::1', 1621675764, 0x5f5f63695f6c6173745f726567656e65726174657c693a313632313637353639353b7265717565737465645f706167657c733a34303a22687474703a2f2f6c6f63616c686f73742f636c75625f6b69737365732f7075626c69632f686f6d65223b70726576696f75735f706167657c733a34303a22687474703a2f2f6c6f63616c686f73742f636c75625f6b69737365732f7075626c69632f686f6d65223b757365725f69647c733a323a223231223b617574685f637573746f6d7c733a363a2253796c766961223b757365725f746f6b656e7c733a34303a2236343236643431633830346234313838376436383562623033336337323362376639386435663439223b6964656e746974797c733a363a2253796c766961223b726f6c655f69647c733a313a2237223b6c6f676765645f696e7c623a313b),
('65f642500a6bcfc8f673f61ef82cc0f5227bf942', '192.168.1.180', 1621678926, 0x5f5f63695f6c6173745f726567656e65726174657c693a313632313637383632373b7265717565737465645f706167657c733a38323a22687474703a2f2f636c75626b69737365732f636c75625f6b69737365732f7075626c69632f73746f636b732f70757263686173655f6f72646572732f6765745f73746f72655f7365617263685f6974656d73223b70726576696f75735f706167657c733a38323a22687474703a2f2f636c75626b69737365732f636c75625f6b69737365732f7075626c69632f73746f636b732f70757263686173655f6f72646572732f6765745f73746f72655f7365617263685f6974656d73223b757365725f69647c733a323a223237223b617574685f637573746f6d7c733a363a224252454e4441223b757365725f746f6b656e7c733a34303a2261613035653938623334623537656361363034396631346333663731613564313735353835323630223b6964656e746974797c733a363a224252454e4441223b726f6c655f69647c733a313a2238223b6c6f676765645f696e7c623a313b6c616e67756167657c733a373a22456e676c697368223b),
('6360d136be239382740504b0de1e390a346d1461', '192.168.1.180', 1621679224, 0x5f5f63695f6c6173745f726567656e65726174657c693a313632313637383932383b7265717565737465645f706167657c733a36383a22687474703a2f2f636c75626b69737365732f636c75625f6b69737365732f7075626c69632f73746f636b732f70757263686173655f6f72646572732f696e6465782f3638223b70726576696f75735f706167657c733a36383a22687474703a2f2f636c75626b69737365732f636c75625f6b69737365732f7075626c69632f73746f636b732f70757263686173655f6f72646572732f696e6465782f3638223b757365725f69647c733a323a223237223b617574685f637573746f6d7c733a363a224252454e4441223b757365725f746f6b656e7c733a34303a2261613035653938623334623537656361363034396631346333663731613564313735353835323630223b6964656e746974797c733a363a224252454e4441223b726f6c655f69647c733a313a2238223b6c6f676765645f696e7c623a313b6c616e67756167657c733a373a22456e676c697368223b),
('1c7d61dc537bd63b6f6cae03ee6442b54260744b', '192.168.1.180', 1621679334, 0x5f5f63695f6c6173745f726567656e65726174657c693a313632313637393233303b7265717565737465645f706167657c733a38323a22687474703a2f2f636c75626b69737365732f636c75625f6b69737365732f7075626c69632f73746f636b732f70757263686173655f6f72646572732f417070726f76655f7265717569736974696f6e2f3638223b70726576696f75735f706167657c733a36383a22687474703a2f2f636c75626b69737365732f636c75625f6b69737365732f7075626c69632f73746f636b732f70757263686173655f6f72646572732f696e6465782f3638223b757365725f69647c733a323a223237223b617574685f637573746f6d7c733a363a224252454e4441223b757365725f746f6b656e7c733a34303a2261613035653938623334623537656361363034396631346333663731613564313735353835323630223b6964656e746974797c733a363a224252454e4441223b726f6c655f69647c733a313a2238223b6c6f676765645f696e7c623a313b6c616e67756167657c733a373a22456e676c697368223b),
('eaea8b8a4776b10b184710e755acd0d0372374ec', '192.168.1.113', 1621680564, 0x5f5f63695f6c6173745f726567656e65726174657c693a313632313638303536343b7265717565737465645f706167657c733a33373a22687474703a2f2f636c75626b69737365732f636c75625f6b69737365732f7075626c69632f223b6d6573736167657c733a303a22223b5f5f63695f766172737c613a313a7b733a373a226d657373616765223b733a333a226e6577223b7d),
('618bae80d6ee52eb21aa20a4aabe6b7979140af7', '192.168.1.180', 1621686221, 0x5f5f63695f6c6173745f726567656e65726174657c693a313632313638363038393b7265717565737465645f706167657c733a38323a22687474703a2f2f636c75626b69737365732f636c75625f6b69737365732f7075626c69632f73746f636b732f70757263686173655f6f72646572732f417070726f76655f7265717569736974696f6e2f3638223b70726576696f75735f706167657c733a36383a22687474703a2f2f636c75626b69737365732f636c75625f6b69737365732f7075626c69632f73746f636b732f70757263686173655f6f72646572732f696e6465782f3638223b757365725f69647c733a323a223237223b617574685f637573746f6d7c733a363a224252454e4441223b757365725f746f6b656e7c733a34303a2261613035653938623334623537656361363034396631346333663731613564313735353835323630223b6964656e746974797c733a363a224252454e4441223b726f6c655f69647c733a313a2238223b6c6f676765645f696e7c623a313b6c616e67756167657c733a373a22456e676c697368223b),
('1d71e3b03f7928b3d7871225f6f97caa31c55c20', '192.168.1.140', 1621686514, 0x5f5f63695f6c6173745f726567656e65726174657c693a313632313638363432373b7265717565737465645f706167657c733a36383a22687474703a2f2f636c75626b69737365732f636c75625f6b69737365732f7075626c69632f73746f636b732f70757263686173655f6f72646572732f696e6465782f3638223b70726576696f75735f706167657c733a36383a22687474703a2f2f636c75626b69737365732f636c75625f6b69737365732f7075626c69632f73746f636b732f70757263686173655f6f72646572732f696e6465782f3638223b757365725f69647c733a323a223237223b617574685f637573746f6d7c733a363a224252454e4441223b757365725f746f6b656e7c733a34303a2261613035653938623334623537656361363034396631346333663731613564313735353835323630223b6964656e746974797c733a363a224252454e4441223b726f6c655f69647c733a313a2238223b6c6f676765645f696e7c623a313b6c616e67756167657c733a373a22456e676c697368223b),
('278814f38380798f647d50d64407f47057ba03a4', '192.168.1.180', 1621687438, 0x5f5f63695f6c6173745f726567656e65726174657c693a313632313638373334353b7265717565737465645f706167657c733a37393a22687474703a2f2f636c75626b69737365732f636c75625f6b69737365732f7075626c69632f73746f636b732f70757263686173655f6f72646572732f7570646174655f6f726465725f6669656c6473223b70726576696f75735f706167657c733a37393a22687474703a2f2f636c75626b69737365732f636c75625f6b69737365732f7075626c69632f73746f636b732f70757263686173655f6f72646572732f7570646174655f6f726465725f6669656c6473223b757365725f69647c733a323a223237223b617574685f637573746f6d7c733a363a224252454e4441223b757365725f746f6b656e7c733a34303a2261613035653938623334623537656361363034396631346333663731613564313735353835323630223b6964656e746974797c733a363a224252454e4441223b726f6c655f69647c733a313a2238223b6c6f676765645f696e7c623a313b6c616e67756167657c733a373a22456e676c697368223b),
('68846ff15c7ba0edb00d579abff029651640ca8e', '192.168.1.113', 1621687763, 0x5f5f63695f6c6173745f726567656e65726174657c693a313632313638373630393b7265717565737465645f706167657c733a34313a22687474703a2f2f636c75626b69737365732f636c75625f6b69737365732f7075626c69632f686f6d65223b70726576696f75735f706167657c733a34313a22687474703a2f2f636c75626b69737365732f636c75625f6b69737365732f7075626c69632f686f6d65223b757365725f69647c733a323a223231223b617574685f637573746f6d7c733a363a2253796c766961223b757365725f746f6b656e7c733a34303a2236343236643431633830346234313838376436383562623033336337323362376639386435663439223b6964656e746974797c733a363a2253796c766961223b726f6c655f69647c733a313a2237223b6c6f676765645f696e7c623a313b),
('b530ba2017b0c6d403a1da4081e08eb0349b9a6a', '192.168.1.180', 1621687798, 0x5f5f63695f6c6173745f726567656e65726174657c693a313632313638373730313b7265717565737465645f706167657c733a36383a22687474703a2f2f636c75626b69737365732f636c75625f6b69737365732f7075626c69632f73746f636b732f70757263686173655f6f72646572732f696e6465782f3639223b70726576696f75735f706167657c733a36383a22687474703a2f2f636c75626b69737365732f636c75625f6b69737365732f7075626c69632f73746f636b732f70757263686173655f6f72646572732f696e6465782f3639223b757365725f69647c733a323a223237223b617574685f637573746f6d7c733a363a224252454e4441223b757365725f746f6b656e7c733a34303a2261613035653938623334623537656361363034396631346333663731613564313735353835323630223b6964656e746974797c733a363a224252454e4441223b726f6c655f69647c733a313a2238223b6c6f676765645f696e7c623a313b6c616e67756167657c733a373a22456e676c697368223b),
('52d0ef67ab136914fc67ba9ee6c7033078f17485', '::1', 1621687941, 0x5f5f63695f6c6173745f726567656e65726174657c693a313632313638373934313b),
('0e375a98a7eda326cf003d59ccf15296b2b50279', '192.168.1.180', 1621689057, 0x5f5f63695f6c6173745f726567656e65726174657c693a313632313638383736303b7265717565737465645f706167657c733a36383a22687474703a2f2f636c75626b69737365732f636c75625f6b69737365732f7075626c69632f73746f636b732f70757263686173655f6f72646572732f696e6465782f3730223b70726576696f75735f706167657c733a36383a22687474703a2f2f636c75626b69737365732f636c75625f6b69737365732f7075626c69632f73746f636b732f70757263686173655f6f72646572732f696e6465782f3730223b757365725f69647c733a323a223237223b617574685f637573746f6d7c733a363a224252454e4441223b757365725f746f6b656e7c733a34303a2261613035653938623334623537656361363034396631346333663731613564313735353835323630223b6964656e746974797c733a363a224252454e4441223b726f6c655f69647c733a313a2238223b6c6f676765645f696e7c623a313b6c616e67756167657c733a373a22456e676c697368223b),
('1d2eae4333e35820ce8af8da1b502bdb86c67e88', '::1', 1621689102, 0x5f5f63695f6c6173745f726567656e65726174657c693a313632313638393130323b),
('042299f74cd1a634c454ccf243db188dfb743cb0', '192.168.1.180', 1621689388, 0x5f5f63695f6c6173745f726567656e65726174657c693a313632313638393331383b7265717565737465645f706167657c733a36383a22687474703a2f2f636c75626b69737365732f636c75625f6b69737365732f7075626c69632f73746f636b732f70757263686173655f6f72646572732f696e6465782f3730223b70726576696f75735f706167657c733a36383a22687474703a2f2f636c75626b69737365732f636c75625f6b69737365732f7075626c69632f73746f636b732f70757263686173655f6f72646572732f696e6465782f3730223b757365725f69647c733a323a223237223b617574685f637573746f6d7c733a363a224252454e4441223b757365725f746f6b656e7c733a34303a2261613035653938623334623537656361363034396631346333663731613564313735353835323630223b6964656e746974797c733a363a224252454e4441223b726f6c655f69647c733a313a2238223b6c6f676765645f696e7c623a313b6c616e67756167657c733a373a22456e676c697368223b),
('38c80e6330507be1f2d0d8719da072ad8c25d96d', '::1', 1621597707, 0x5f5f63695f6c6173745f726567656e65726174657c693a313632313539373632323b7265717565737465645f706167657c733a34303a22687474703a2f2f6c6f63616c686f73742f636c75625f6b69737365732f7075626c69632f686f6d65223b70726576696f75735f706167657c733a34303a22687474703a2f2f6c6f63616c686f73742f636c75625f6b69737365732f7075626c69632f686f6d65223b757365725f69647c733a323a223231223b617574685f637573746f6d7c733a363a2253796c766961223b757365725f746f6b656e7c733a34303a2236343236643431633830346234313838376436383562623033336337323362376639386435663439223b6964656e746974797c733a363a2253796c766961223b726f6c655f69647c733a313a2237223b6c6f676765645f696e7c623a313b),
('7e3b47121f91bc1818cc59fb47920701408e0f25', '::1', 1621689678, 0x5f5f63695f6c6173745f726567656e65726174657c693a313632313638393635303b7265717565737465645f706167657c733a34303a22687474703a2f2f6c6f63616c686f73742f636c75625f6b69737365732f7075626c69632f686f6d65223b70726576696f75735f706167657c733a34303a22687474703a2f2f6c6f63616c686f73742f636c75625f6b69737365732f7075626c69632f686f6d65223b757365725f69647c733a313a2231223b617574685f637573746f6d7c733a353a2261646d696e223b757365725f746f6b656e7c733a34303a2262653364623663653035633539333362376133353530666530303561656266396163323638376465223b6964656e746974797c733a353a2261646d696e223b726f6c655f69647c733a313a2231223b6c6f676765645f696e7c623a313b),
('de8dbc99a8c807d82afce6338bf037a75a990997', '::1', 1621706797, 0x5f5f63695f6c6173745f726567656e65726174657c693a313632313730363739363b7265717565737465645f706167657c733a38363a22687474703a2f2f6c6f63616c686f73742f504f53332f636c75625f6b69737365732f7075626c69632f73746f636b732f70757263686173655f6f72646572732f6765745f73746f72655f7365617263685f6974656d73223b70726576696f75735f706167657c733a38363a22687474703a2f2f6c6f63616c686f73742f504f53332f636c75625f6b69737365732f7075626c69632f73746f636b732f70757263686173655f6f72646572732f6765745f73746f72655f7365617263685f6974656d73223b757365725f69647c733a313a2231223b617574685f637573746f6d7c733a353a2261646d696e223b757365725f746f6b656e7c733a34303a2262653364623663653035633539333362376133353530666530303561656266396163323638376465223b6964656e746974797c733a353a2261646d696e223b726f6c655f69647c733a313a2231223b6c6f676765645f696e7c623a313b6c616e67756167657c733a373a22656e676c697368223b),
('2c86824d86f90bd7b8311482905651f9bf554ddb', '::1', 1621708296, 0x5f5f63695f6c6173745f726567656e65726174657c693a313632313730383239363b7265717565737465645f706167657c733a37393a22687474703a2f2f6c6f63616c686f73742f504f53332f636c75625f6b69737365732f7075626c69632f73746f636b732f70757263686173655f6f72646572732f73686f775f7174795f6669656c6473223b6d6573736167657c733a303a22223b5f5f63695f766172737c613a313a7b733a373a226d657373616765223b733a333a226e6577223b7d),
('14cade65033be18e0656070d84b961b121781230', '::1', 1621710851, 0x5f5f63695f6c6173745f726567656e65726174657c693a313632313731303835313b7265717565737465645f706167657c733a37323a22687474703a2f2f6c6f63616c686f73742f504f53332f636c75625f6b69737365732f7075626c69632f73746f636b732f70757263686173655f6f72646572732f696e6465782f3730223b70726576696f75735f706167657c733a37323a22687474703a2f2f6c6f63616c686f73742f504f53332f636c75625f6b69737365732f7075626c69632f73746f636b732f70757263686173655f6f72646572732f696e6465782f3730223b757365725f69647c733a313a2231223b617574685f637573746f6d7c733a353a2261646d696e223b757365725f746f6b656e7c733a34303a2262653364623663653035633539333362376133353530666530303561656266396163323638376465223b6964656e746974797c733a353a2261646d696e223b726f6c655f69647c733a313a2231223b6c6f676765645f696e7c623a313b6c616e67756167657c733a373a22656e676c697368223b6d6573736167657c733a303a22223b5f5f63695f766172737c613a313a7b733a373a226d657373616765223b733a333a226f6c64223b7d),
('7a8b6e655c107fb6d668b03fa8e3e773689fdc2e', '::1', 1621710950, 0x5f5f63695f6c6173745f726567656e65726174657c693a313632313731303932303b7265717565737465645f706167657c733a37323a22687474703a2f2f6c6f63616c686f73742f504f53332f636c75625f6b69737365732f7075626c69632f73746f636b732f70757263686173655f6f72646572732f696e6465782f3639223b70726576696f75735f706167657c733a37323a22687474703a2f2f6c6f63616c686f73742f504f53332f636c75625f6b69737365732f7075626c69632f73746f636b732f70757263686173655f6f72646572732f696e6465782f3639223b757365725f69647c733a313a2231223b617574685f637573746f6d7c733a353a2261646d696e223b757365725f746f6b656e7c733a34303a2262653364623663653035633539333362376133353530666530303561656266396163323638376465223b6964656e746974797c733a353a2261646d696e223b726f6c655f69647c733a313a2231223b6c6f676765645f696e7c623a313b6c616e67756167657c733a373a22656e676c697368223b),
('7efbd86825edfc1f4d7146ea47cef07063f6f2d7', '::1', 1621844421, 0x5f5f63695f6c6173745f726567656e65726174657c693a313632313834343432313b7265717565737465645f706167657c733a37323a22687474703a2f2f6c6f63616c686f73742f504f53332f636c75625f6b69737365732f7075626c69632f73746f636b732f70757263686173655f6f72646572732f696e6465782f3639223b70726576696f75735f706167657c733a37323a22687474703a2f2f6c6f63616c686f73742f504f53332f636c75625f6b69737365732f7075626c69632f73746f636b732f70757263686173655f6f72646572732f696e6465782f3639223b757365725f69647c733a313a2231223b617574685f637573746f6d7c733a353a2261646d696e223b757365725f746f6b656e7c733a34303a2262653364623663653035633539333362376133353530666530303561656266396163323638376465223b6964656e746974797c733a353a2261646d696e223b726f6c655f69647c733a313a2231223b6c6f676765645f696e7c623a313b6c616e67756167657c733a373a22656e676c697368223b),
('1258cc1cfe1dabb09594b70090e4f6711408a096', '::1', 1621844744, 0x5f5f63695f6c6173745f726567656e65726174657c693a313632313834343734343b7265717565737465645f706167657c733a37353a22687474703a2f2f6c6f63616c686f73742f504f53332f636c75625f6b69737365732f7075626c69632f73746f636b732f70757263686173655f6f72646572732f7072696e745f6f72646572223b70726576696f75735f706167657c733a37353a22687474703a2f2f6c6f63616c686f73742f504f53332f636c75625f6b69737365732f7075626c69632f73746f636b732f70757263686173655f6f72646572732f7072696e745f6f72646572223b757365725f69647c733a313a2231223b617574685f637573746f6d7c733a353a2261646d696e223b757365725f746f6b656e7c733a34303a2262653364623663653035633539333362376133353530666530303561656266396163323638376465223b6964656e746974797c733a353a2261646d696e223b726f6c655f69647c733a313a2231223b6c6f676765645f696e7c623a313b6c616e67756167657c733a373a22656e676c697368223b),
('d3e90a4f5b24dc5a2d9647aa4c3f4c487c1f852a', '::1', 1621844946, 0x5f5f63695f6c6173745f726567656e65726174657c693a313632313834343737343b7265717565737465645f706167657c733a37353a22687474703a2f2f6c6f63616c686f73742f504f53332f636c75625f6b69737365732f7075626c69632f73746f636b732f70757263686173655f6f72646572732f7072696e745f6f72646572223b70726576696f75735f706167657c733a37353a22687474703a2f2f6c6f63616c686f73742f504f53332f636c75625f6b69737365732f7075626c69632f73746f636b732f70757263686173655f6f72646572732f7072696e745f6f72646572223b757365725f69647c733a313a2231223b617574685f637573746f6d7c733a353a2261646d696e223b757365725f746f6b656e7c733a34303a2262653364623663653035633539333362376133353530666530303561656266396163323638376465223b6964656e746974797c733a353a2261646d696e223b726f6c655f69647c733a313a2231223b6c6f676765645f696e7c623a313b6c616e67756167657c733a373a22656e676c697368223b),
('3c48af4f2c3f6a5873b14bd3ebc11493323ae617', '::1', 1624188762, 0x5f5f63695f6c6173745f726567656e65726174657c693a313632343138383736323b7265717565737465645f706167657c733a35373a22687474703a2f2f6c6f63616c686f73742f504f53332f636c75625f6b69737365732f7075626c69632f726f6f6d732f63617465676f72696573223b70726576696f75735f706167657c733a35373a22687474703a2f2f6c6f63616c686f73742f504f53332f636c75625f6b69737365732f7075626c69632f726f6f6d732f63617465676f72696573223b757365725f69647c733a313a2231223b617574685f637573746f6d7c733a353a2261646d696e223b757365725f746f6b656e7c733a34303a2262653364623663653035633539333362376133353530666530303561656266396163323638376465223b6964656e746974797c733a353a2261646d696e223b726f6c655f69647c733a313a2231223b6c6f676765645f696e7c623a313b6c616e67756167657c733a373a22656e676c697368223b),
('952f8fb073cca7c70e7c27766b379b7711cc2037', '::1', 1623066830, 0x5f5f63695f6c6173745f726567656e65726174657c693a313632333036363833303b),
('621b90f11ac58b2447fd763295b9a933d2938e06', '::1', 1624174635, 0x5f5f63695f6c6173745f726567656e65726174657c693a313632343137343336343b7265717565737465645f706167657c733a34383a22687474703a2f2f6c6f63616c686f73742f504f53332f636c75625f6b69737365732f7075626c69632f636174616c6f67223b70726576696f75735f706167657c733a34383a22687474703a2f2f6c6f63616c686f73742f504f53332f636c75625f6b69737365732f7075626c69632f636174616c6f67223b757365725f69647c733a313a2231223b617574685f637573746f6d7c733a353a2261646d696e223b757365725f746f6b656e7c733a34303a2262653364623663653035633539333362376133353530666530303561656266396163323638376465223b6964656e746974797c733a353a2261646d696e223b726f6c655f69647c733a313a2231223b6c6f676765645f696e7c623a313b6c616e67756167657c733a373a22656e676c697368223b),
('bb42c252b019f0b1adfeb234787d5a17945041fe', '::1', 1624189171, 0x5f5f63695f6c6173745f726567656e65726174657c693a313632343138393137313b7265717565737465645f706167657c733a36333a22687474703a2f2f6c6f63616c686f73742f504f53332f636c75625f6b69737365732f7075626c69632f726f6f6d732f726f6f6d5f6e616d655f736561726368223b70726576696f75735f706167657c733a36333a22687474703a2f2f6c6f63616c686f73742f504f53332f636c75625f6b69737365732f7075626c69632f726f6f6d732f726f6f6d5f6e616d655f736561726368223b757365725f69647c733a313a2231223b617574685f637573746f6d7c733a353a2261646d696e223b757365725f746f6b656e7c733a34303a2262653364623663653035633539333362376133353530666530303561656266396163323638376465223b6964656e746974797c733a353a2261646d696e223b726f6c655f69647c733a313a2231223b6c6f676765645f696e7c623a313b6c616e67756167657c733a373a22656e676c697368223b),
('b9742c9026e8e5fde806cb0c6e68be7e2e164c1d', '::1', 1624189540, 0x5f5f63695f6c6173745f726567656e65726174657c693a313632343138393534303b7265717565737465645f706167657c733a34363a22687474703a2f2f6c6f63616c686f73742f504f53332f636c75625f6b69737365732f7075626c69632f726f6f6d73223b70726576696f75735f706167657c733a34363a22687474703a2f2f6c6f63616c686f73742f504f53332f636c75625f6b69737365732f7075626c69632f726f6f6d73223b757365725f69647c733a313a2231223b617574685f637573746f6d7c733a353a2261646d696e223b757365725f746f6b656e7c733a34303a2262653364623663653035633539333362376133353530666530303561656266396163323638376465223b6964656e746974797c733a353a2261646d696e223b726f6c655f69647c733a313a2231223b6c6f676765645f696e7c623a313b6c616e67756167657c733a373a22656e676c697368223b),
('2eeb38fd2e7a43ab8521803c7e12c20908fb457d', '::1', 1624189998, 0x5f5f63695f6c6173745f726567656e65726174657c693a313632343138393939383b7265717565737465645f706167657c733a35363a22687474703a2f2f6c6f63616c686f73742f504f53332f636c75625f6b69737365732f7075626c69632f726f6f6d732f656469745f726f6f6d223b70726576696f75735f706167657c733a35363a22687474703a2f2f6c6f63616c686f73742f504f53332f636c75625f6b69737365732f7075626c69632f726f6f6d732f656469745f726f6f6d223b757365725f69647c733a313a2231223b617574685f637573746f6d7c733a353a2261646d696e223b757365725f746f6b656e7c733a34303a2262653364623663653035633539333362376133353530666530303561656266396163323638376465223b6964656e746974797c733a353a2261646d696e223b726f6c655f69647c733a313a2231223b6c6f676765645f696e7c623a313b6c616e67756167657c733a373a22656e676c697368223b),
('f1db481d0a47f358927f2a38246a1b512eb906a7', '::1', 1624190154, 0x5f5f63695f6c6173745f726567656e65726174657c693a313632343139303030313b7265717565737465645f706167657c733a35323a22687474703a2f2f6c6f63616c686f73742f504f53332f636c75625f6b69737365732f7075626c69632f726f6f6d732f696e646578223b70726576696f75735f706167657c733a35323a22687474703a2f2f6c6f63616c686f73742f504f53332f636c75625f6b69737365732f7075626c69632f726f6f6d732f696e646578223b757365725f69647c733a313a2231223b617574685f637573746f6d7c733a353a2261646d696e223b757365725f746f6b656e7c733a34303a2262653364623663653035633539333362376133353530666530303561656266396163323638376465223b6964656e746974797c733a353a2261646d696e223b726f6c655f69647c733a313a2231223b6c6f676765645f696e7c623a313b6c616e67756167657c733a373a22656e676c697368223b6d6573736167657c733a303a22223b5f5f63695f766172737c613a313a7b733a373a226d657373616765223b733a333a226e6577223b7d),
('502dccb02fe5eac1dc69e9ec27718d3568790e1a', '::1', 1624254215, 0x5f5f63695f6c6173745f726567656e65726174657c693a313632343235343231353b7265717565737465645f706167657c733a34313a22687474703a2f2f6c6f63616c686f73742f504f53332f636c75625f6b69737365732f7075626c69632f223b6d6573736167657c733a303a22223b5f5f63695f766172737c613a313a7b733a373a226d657373616765223b733a333a226e6577223b7d),
('c3b4c8142a093ee2cf97e6da76fd190924cb13e0', '::1', 1624254524, 0x5f5f63695f6c6173745f726567656e65726174657c693a313632343235343532343b757365725f69647c733a313a2231223b617574685f637573746f6d7c733a353a2261646d696e223b757365725f746f6b656e7c733a34303a2262653364623663653035633539333362376133353530666530303561656266396163323638376465223b6964656e746974797c733a353a2261646d696e223b726f6c655f69647c733a313a2231223b6c6f676765645f696e7c623a313b7265717565737465645f706167657c733a35333a22687474703a2f2f6c6f63616c686f73742f504f53332f636c75625f6b69737365732f7075626c69632f686f6d652f63617368696572223b70726576696f75735f706167657c733a35333a22687474703a2f2f6c6f63616c686f73742f504f53332f636c75625f6b69737365732f7075626c69632f686f6d652f63617368696572223b),
('5bfe1efdb17d5fc93569275ff3af00b9084fef7b', '::1', 1624257295, 0x5f5f63695f6c6173745f726567656e65726174657c693a313632343235373239353b7265717565737465645f706167657c733a37313a22687474703a2f2f6c6f63616c686f73742f504f53332f636c75625f6b69737365732f7075626c69632f686f6d652f70726f647563745f646973706c61795f747970652f31303531223b70726576696f75735f706167657c733a37313a22687474703a2f2f6c6f63616c686f73742f504f53332f636c75625f6b69737365732f7075626c69632f686f6d652f70726f647563745f646973706c61795f747970652f31303531223b757365725f69647c733a313a2231223b617574685f637573746f6d7c733a353a2261646d696e223b757365725f746f6b656e7c733a34303a2262653364623663653035633539333362376133353530666530303561656266396163323638376465223b6964656e746974797c733a353a2261646d696e223b726f6c655f69647c733a313a2231223b6c6f676765645f696e7c623a313b),
('a7c1dde3545e4e1f5e02d41a4e6157f67c4d3af3', '::1', 1624263173, 0x5f5f63695f6c6173745f726567656e65726174657c693a313632343236333137333b7265717565737465645f706167657c733a35373a22687474703a2f2f6c6f63616c686f73742f504f53332f636c75625f6b69737365732f7075626c69632f726f6f6d732f616c6c6f636174696f6e223b70726576696f75735f706167657c733a35373a22687474703a2f2f6c6f63616c686f73742f504f53332f636c75625f6b69737365732f7075626c69632f726f6f6d732f616c6c6f636174696f6e223b757365725f69647c733a313a2231223b617574685f637573746f6d7c733a353a2261646d696e223b757365725f746f6b656e7c733a34303a2262653364623663653035633539333362376133353530666530303561656266396163323638376465223b6964656e746974797c733a353a2261646d696e223b726f6c655f69647c733a313a2231223b6c6f676765645f696e7c623a313b6c616e67756167657c733a373a22656e676c697368223b),
('4284de613e83ffeeecac523f0202c55f1e96c48c', '::1', 1624265287, 0x5f5f63695f6c6173745f726567656e65726174657c693a313632343236353238373b7265717565737465645f706167657c733a35363a22687474703a2f2f6c6f63616c686f73742f504f53332f636c75625f6b69737365732f7075626c69632f726f6f6d732f726563657074696f6e223b70726576696f75735f706167657c733a35363a22687474703a2f2f6c6f63616c686f73742f504f53332f636c75625f6b69737365732f7075626c69632f726f6f6d732f726563657074696f6e223b757365725f69647c733a313a2231223b617574685f637573746f6d7c733a353a2261646d696e223b757365725f746f6b656e7c733a34303a2262653364623663653035633539333362376133353530666530303561656266396163323638376465223b6964656e746974797c733a353a2261646d696e223b726f6c655f69647c733a313a2231223b6c6f676765645f696e7c623a313b6c616e67756167657c733a373a22656e676c697368223b),
('76d48168bd84263657ab27a13db0a0f348f3e3c3', '::1', 1624266642, 0x5f5f63695f6c6173745f726567656e65726174657c693a313632343236363634323b7265717565737465645f706167657c733a35363a22687474703a2f2f6c6f63616c686f73742f504f53332f636c75625f6b69737365732f7075626c69632f726f6f6d732f726563657074696f6e223b70726576696f75735f706167657c733a35363a22687474703a2f2f6c6f63616c686f73742f504f53332f636c75625f6b69737365732f7075626c69632f726f6f6d732f726563657074696f6e223b757365725f69647c733a313a2231223b617574685f637573746f6d7c733a353a2261646d696e223b757365725f746f6b656e7c733a34303a2262653364623663653035633539333362376133353530666530303561656266396163323638376465223b6964656e746974797c733a353a2261646d696e223b726f6c655f69647c733a313a2231223b6c6f676765645f696e7c623a313b6c616e67756167657c733a373a22656e676c697368223b),
('4aa2bef6bceb7ab211ceead138b58a0ad0719b46', '::1', 1624267033, 0x5f5f63695f6c6173745f726567656e65726174657c693a313632343236373033333b7265717565737465645f706167657c733a37333a22687474703a2f2f6c6f63616c686f73742f504f53332f636c75625f6b69737365732f7075626c69632f726f6f6d732f726563657074696f6e2f616c6c6f636174696f6e5f6d6f64616c223b70726576696f75735f706167657c733a37333a22687474703a2f2f6c6f63616c686f73742f504f53332f636c75625f6b69737365732f7075626c69632f726f6f6d732f726563657074696f6e2f616c6c6f636174696f6e5f6d6f64616c223b757365725f69647c733a313a2231223b617574685f637573746f6d7c733a353a2261646d696e223b757365725f746f6b656e7c733a34303a2262653364623663653035633539333362376133353530666530303561656266396163323638376465223b6964656e746974797c733a353a2261646d696e223b726f6c655f69647c733a313a2231223b6c6f676765645f696e7c623a313b6c616e67756167657c733a373a22656e676c697368223b),
('57e5f1c06e68a95ae60aba4e760acad2aae7ba30', '::1', 1624273322, 0x5f5f63695f6c6173745f726567656e65726174657c693a313632343237333332323b7265717565737465645f706167657c733a37333a22687474703a2f2f6c6f63616c686f73742f504f53332f636c75625f6b69737365732f7075626c69632f726f6f6d732f726563657074696f6e2f616c6c6f636174696f6e5f6d6f64616c223b70726576696f75735f706167657c733a37333a22687474703a2f2f6c6f63616c686f73742f504f53332f636c75625f6b69737365732f7075626c69632f726f6f6d732f726563657074696f6e2f616c6c6f636174696f6e5f6d6f64616c223b757365725f69647c733a313a2231223b617574685f637573746f6d7c733a353a2261646d696e223b757365725f746f6b656e7c733a34303a2262653364623663653035633539333362376133353530666530303561656266396163323638376465223b6964656e746974797c733a353a2261646d696e223b726f6c655f69647c733a313a2231223b6c6f676765645f696e7c623a313b6c616e67756167657c733a373a22656e676c697368223b),
('a91455ef2bb6e6ea13526fd9b1bdad0a829208d6', '::1', 1624274761, 0x5f5f63695f6c6173745f726567656e65726174657c693a313632343237343736313b7265717565737465645f706167657c733a37333a22687474703a2f2f6c6f63616c686f73742f504f53332f636c75625f6b69737365732f7075626c69632f726f6f6d732f726563657074696f6e2f616c6c6f636174696f6e5f6d6f64616c223b70726576696f75735f706167657c733a37333a22687474703a2f2f6c6f63616c686f73742f504f53332f636c75625f6b69737365732f7075626c69632f726f6f6d732f726563657074696f6e2f616c6c6f636174696f6e5f6d6f64616c223b757365725f69647c733a313a2231223b617574685f637573746f6d7c733a353a2261646d696e223b757365725f746f6b656e7c733a34303a2262653364623663653035633539333362376133353530666530303561656266396163323638376465223b6964656e746974797c733a353a2261646d696e223b726f6c655f69647c733a313a2231223b6c6f676765645f696e7c623a313b6c616e67756167657c733a373a22656e676c697368223b),
('7deb2221498faa1481050390dffe58c34da25b0a', '::1', 1624275117, 0x5f5f63695f6c6173745f726567656e65726174657c693a313632343237353131373b7265717565737465645f706167657c733a37333a22687474703a2f2f6c6f63616c686f73742f504f53332f636c75625f6b69737365732f7075626c69632f726f6f6d732f726563657074696f6e2f616c6c6f636174696f6e5f6d6f64616c223b70726576696f75735f706167657c733a37333a22687474703a2f2f6c6f63616c686f73742f504f53332f636c75625f6b69737365732f7075626c69632f726f6f6d732f726563657074696f6e2f616c6c6f636174696f6e5f6d6f64616c223b757365725f69647c733a313a2231223b617574685f637573746f6d7c733a353a2261646d696e223b757365725f746f6b656e7c733a34303a2262653364623663653035633539333362376133353530666530303561656266396163323638376465223b6964656e746974797c733a353a2261646d696e223b726f6c655f69647c733a313a2231223b6c6f676765645f696e7c623a313b6c616e67756167657c733a373a22656e676c697368223b),
('4e30445afccf1ea1b5fccfd56db370f723f48c50', '::1', 1624275558, 0x5f5f63695f6c6173745f726567656e65726174657c693a313632343237353535383b7265717565737465645f706167657c733a37333a22687474703a2f2f6c6f63616c686f73742f504f53332f636c75625f6b69737365732f7075626c69632f726f6f6d732f726563657074696f6e2f616c6c6f636174696f6e5f6d6f64616c223b70726576696f75735f706167657c733a37333a22687474703a2f2f6c6f63616c686f73742f504f53332f636c75625f6b69737365732f7075626c69632f726f6f6d732f726563657074696f6e2f616c6c6f636174696f6e5f6d6f64616c223b757365725f69647c733a313a2231223b617574685f637573746f6d7c733a353a2261646d696e223b757365725f746f6b656e7c733a34303a2262653364623663653035633539333362376133353530666530303561656266396163323638376465223b6964656e746974797c733a353a2261646d696e223b726f6c655f69647c733a313a2231223b6c6f676765645f696e7c623a313b6c616e67756167657c733a373a22656e676c697368223b),
('f36390a520dfacf352ca6b2d3c27eaff3b5c699b', '::1', 1624276391, 0x5f5f63695f6c6173745f726567656e65726174657c693a313632343237363339313b7265717565737465645f706167657c733a35363a22687474703a2f2f6c6f63616c686f73742f504f53332f636c75625f6b69737365732f7075626c69632f726f6f6d732f726563657074696f6e223b70726576696f75735f706167657c733a35363a22687474703a2f2f6c6f63616c686f73742f504f53332f636c75625f6b69737365732f7075626c69632f726f6f6d732f726563657074696f6e223b757365725f69647c733a313a2231223b617574685f637573746f6d7c733a353a2261646d696e223b757365725f746f6b656e7c733a34303a2262653364623663653035633539333362376133353530666530303561656266396163323638376465223b6964656e746974797c733a353a2261646d696e223b726f6c655f69647c733a313a2231223b6c6f676765645f696e7c623a313b6c616e67756167657c733a373a22656e676c697368223b),
('d39088ed2f4492fad163d73fb195123acf68237f', '::1', 1624277860, 0x5f5f63695f6c6173745f726567656e65726174657c693a313632343237373836303b7265717565737465645f706167657c733a37333a22687474703a2f2f6c6f63616c686f73742f504f53332f636c75625f6b69737365732f7075626c69632f726f6f6d732f726563657074696f6e2f616c6c6f636174696f6e5f6d6f64616c223b70726576696f75735f706167657c733a37333a22687474703a2f2f6c6f63616c686f73742f504f53332f636c75625f6b69737365732f7075626c69632f726f6f6d732f726563657074696f6e2f616c6c6f636174696f6e5f6d6f64616c223b757365725f69647c733a313a2231223b617574685f637573746f6d7c733a353a2261646d696e223b757365725f746f6b656e7c733a34303a2262653364623663653035633539333362376133353530666530303561656266396163323638376465223b6964656e746974797c733a353a2261646d696e223b726f6c655f69647c733a313a2231223b6c6f676765645f696e7c623a313b6c616e67756167657c733a373a22656e676c697368223b),
('b6a7b7aa5df9ff035ca6061d27492856e7cf725b', '::1', 1624278212, 0x5f5f63695f6c6173745f726567656e65726174657c693a313632343237383231323b7265717565737465645f706167657c733a35363a22687474703a2f2f6c6f63616c686f73742f504f53332f636c75625f6b69737365732f7075626c69632f726f6f6d732f726563657074696f6e223b70726576696f75735f706167657c733a35363a22687474703a2f2f6c6f63616c686f73742f504f53332f636c75625f6b69737365732f7075626c69632f726f6f6d732f726563657074696f6e223b757365725f69647c733a313a2231223b617574685f637573746f6d7c733a353a2261646d696e223b757365725f746f6b656e7c733a34303a2262653364623663653035633539333362376133353530666530303561656266396163323638376465223b6964656e746974797c733a353a2261646d696e223b726f6c655f69647c733a313a2231223b6c6f676765645f696e7c623a313b6c616e67756167657c733a373a22656e676c697368223b),
('3d657dd9ab28316927b3b484feb891eff22d66b3', '::1', 1624278542, 0x5f5f63695f6c6173745f726567656e65726174657c693a313632343237383534323b7265717565737465645f706167657c733a35363a22687474703a2f2f6c6f63616c686f73742f504f53332f636c75625f6b69737365732f7075626c69632f726f6f6d732f726563657074696f6e223b70726576696f75735f706167657c733a35363a22687474703a2f2f6c6f63616c686f73742f504f53332f636c75625f6b69737365732f7075626c69632f726f6f6d732f726563657074696f6e223b757365725f69647c733a313a2231223b617574685f637573746f6d7c733a353a2261646d696e223b757365725f746f6b656e7c733a34303a2262653364623663653035633539333362376133353530666530303561656266396163323638376465223b6964656e746974797c733a353a2261646d696e223b726f6c655f69647c733a313a2231223b6c6f676765645f696e7c623a313b6c616e67756167657c733a373a22656e676c697368223b),
('2affb8e50859bb9b6c61e0050d54b7997e0c8f7b', '::1', 1624278787, 0x5f5f63695f6c6173745f726567656e65726174657c693a313632343237383535323b7265717565737465645f706167657c733a37333a22687474703a2f2f6c6f63616c686f73742f504f53332f636c75625f6b69737365732f7075626c69632f726f6f6d732f726563657074696f6e2f616c6c6f636174696f6e5f6d6f64616c223b70726576696f75735f706167657c733a37333a22687474703a2f2f6c6f63616c686f73742f504f53332f636c75625f6b69737365732f7075626c69632f726f6f6d732f726563657074696f6e2f616c6c6f636174696f6e5f6d6f64616c223b757365725f69647c733a313a2231223b617574685f637573746f6d7c733a353a2261646d696e223b757365725f746f6b656e7c733a34303a2262653364623663653035633539333362376133353530666530303561656266396163323638376465223b6964656e746974797c733a353a2261646d696e223b726f6c655f69647c733a313a2231223b6c6f676765645f696e7c623a313b6c616e67756167657c733a373a22656e676c697368223b),
('fbff9f8274670634cfd8f68e6eecd761ca98cec2', '::1', 1624325188, 0x5f5f63695f6c6173745f726567656e65726174657c693a313632343332353138383b7265717565737465645f706167657c733a37333a22687474703a2f2f6c6f63616c686f73742f504f53332f636c75625f6b69737365732f7075626c69632f726f6f6d732f726563657074696f6e2f616c6c6f636174696f6e5f6d6f64616c223b70726576696f75735f706167657c733a37333a22687474703a2f2f6c6f63616c686f73742f504f53332f636c75625f6b69737365732f7075626c69632f726f6f6d732f726563657074696f6e2f616c6c6f636174696f6e5f6d6f64616c223b757365725f69647c733a313a2231223b617574685f637573746f6d7c733a353a2261646d696e223b757365725f746f6b656e7c733a34303a2262653364623663653035633539333362376133353530666530303561656266396163323638376465223b6964656e746974797c733a353a2261646d696e223b726f6c655f69647c733a313a2231223b6c6f676765645f696e7c623a313b6c616e67756167657c733a373a22656e676c697368223b6d6573736167657c733a303a22223b5f5f63695f766172737c613a313a7b733a373a226d657373616765223b733a333a226f6c64223b7d),
('1623e5ee1a7c5e0634d20f0325829f614cbb85e2', '::1', 1624325617, 0x5f5f63695f6c6173745f726567656e65726174657c693a313632343332353631373b7265717565737465645f706167657c733a35363a22687474703a2f2f6c6f63616c686f73742f504f53332f636c75625f6b69737365732f7075626c69632f726f6f6d732f726563657074696f6e223b70726576696f75735f706167657c733a35363a22687474703a2f2f6c6f63616c686f73742f504f53332f636c75625f6b69737365732f7075626c69632f726f6f6d732f726563657074696f6e223b757365725f69647c733a313a2231223b617574685f637573746f6d7c733a353a2261646d696e223b757365725f746f6b656e7c733a34303a2262653364623663653035633539333362376133353530666530303561656266396163323638376465223b6964656e746974797c733a353a2261646d696e223b726f6c655f69647c733a313a2231223b6c6f676765645f696e7c623a313b6c616e67756167657c733a373a22656e676c697368223b),
('b6a1d438ee56cf67fe423b6e55447fa05e7b66fb', '::1', 1624326019, 0x5f5f63695f6c6173745f726567656e65726174657c693a313632343332363031393b7265717565737465645f706167657c733a37303a22687474703a2f2f6c6f63616c686f73742f504f53332f636c75625f6b69737365732f7075626c69632f726f6f6d732f726563657074696f6e2f616c6c6f636174655f726f6f6d223b70726576696f75735f706167657c733a37333a22687474703a2f2f6c6f63616c686f73742f504f53332f636c75625f6b69737365732f7075626c69632f726f6f6d732f726563657074696f6e2f616c6c6f636174696f6e5f6d6f64616c223b757365725f69647c733a313a2231223b617574685f637573746f6d7c733a353a2261646d696e223b757365725f746f6b656e7c733a34303a2262653364623663653035633539333362376133353530666530303561656266396163323638376465223b6964656e746974797c733a353a2261646d696e223b726f6c655f69647c733a313a2231223b6c6f676765645f696e7c623a313b6c616e67756167657c733a373a22656e676c697368223b),
('3d2698ec9c8b2d9e66b003e62d9d52ae4a659c45', '::1', 1624326339, 0x5f5f63695f6c6173745f726567656e65726174657c693a313632343332363333393b7265717565737465645f706167657c733a35363a22687474703a2f2f6c6f63616c686f73742f504f53332f636c75625f6b69737365732f7075626c69632f726f6f6d732f726563657074696f6e223b70726576696f75735f706167657c733a35363a22687474703a2f2f6c6f63616c686f73742f504f53332f636c75625f6b69737365732f7075626c69632f726f6f6d732f726563657074696f6e223b757365725f69647c733a313a2231223b617574685f637573746f6d7c733a353a2261646d696e223b757365725f746f6b656e7c733a34303a2262653364623663653035633539333362376133353530666530303561656266396163323638376465223b6964656e746974797c733a353a2261646d696e223b726f6c655f69647c733a313a2231223b6c6f676765645f696e7c623a313b6c616e67756167657c733a373a22656e676c697368223b),
('9d71900c1bb4b957f51dc3843a8253b73938e4d1', '::1', 1624327026, 0x5f5f63695f6c6173745f726567656e65726174657c693a313632343332373032363b7265717565737465645f706167657c733a35363a22687474703a2f2f6c6f63616c686f73742f504f53332f636c75625f6b69737365732f7075626c69632f726f6f6d732f726563657074696f6e223b70726576696f75735f706167657c733a35363a22687474703a2f2f6c6f63616c686f73742f504f53332f636c75625f6b69737365732f7075626c69632f726f6f6d732f726563657074696f6e223b757365725f69647c733a313a2231223b617574685f637573746f6d7c733a353a2261646d696e223b757365725f746f6b656e7c733a34303a2262653364623663653035633539333362376133353530666530303561656266396163323638376465223b6964656e746974797c733a353a2261646d696e223b726f6c655f69647c733a313a2231223b6c6f676765645f696e7c623a313b6c616e67756167657c733a373a22656e676c697368223b),
('63571580770a832e101d32f450d3ed9d63e88aa5', '::1', 1624328010, 0x5f5f63695f6c6173745f726567656e65726174657c693a313632343332383031303b7265717565737465645f706167657c733a35363a22687474703a2f2f6c6f63616c686f73742f504f53332f636c75625f6b69737365732f7075626c69632f726f6f6d732f726563657074696f6e223b70726576696f75735f706167657c733a35363a22687474703a2f2f6c6f63616c686f73742f504f53332f636c75625f6b69737365732f7075626c69632f726f6f6d732f726563657074696f6e223b757365725f69647c733a313a2231223b617574685f637573746f6d7c733a353a2261646d696e223b757365725f746f6b656e7c733a34303a2262653364623663653035633539333362376133353530666530303561656266396163323638376465223b6964656e746974797c733a353a2261646d696e223b726f6c655f69647c733a313a2231223b6c6f676765645f696e7c623a313b6c616e67756167657c733a373a22656e676c697368223b),
('c344206fb24df670dd2f5cd55369ed482809b616', '::1', 1624350721, 0x5f5f63695f6c6173745f726567656e65726174657c693a313632343335303732313b7265717565737465645f706167657c733a34353a22687474703a2f2f6c6f63616c686f73742f504f53332f636c75625f6b69737365732f7075626c69632f686f6d65223b70726576696f75735f706167657c733a34353a22687474703a2f2f6c6f63616c686f73742f504f53332f636c75625f6b69737365732f7075626c69632f686f6d65223b757365725f69647c733a313a2231223b617574685f637573746f6d7c733a353a2261646d696e223b757365725f746f6b656e7c733a34303a2262653364623663653035633539333362376133353530666530303561656266396163323638376465223b6964656e746974797c733a353a2261646d696e223b726f6c655f69647c733a313a2231223b6c6f676765645f696e7c623a313b),
('e96aa0121e3c7852476b6ba1e626b50162aee085', '::1', 1624353127, 0x5f5f63695f6c6173745f726567656e65726174657c693a313632343335333132373b7265717565737465645f706167657c733a37333a22687474703a2f2f6c6f63616c686f73742f504f53332f636c75625f6b69737365732f7075626c69632f726f6f6d732f726563657074696f6e2f616c6c6f636174696f6e5f6d6f64616c223b70726576696f75735f706167657c733a37333a22687474703a2f2f6c6f63616c686f73742f504f53332f636c75625f6b69737365732f7075626c69632f726f6f6d732f726563657074696f6e2f616c6c6f636174696f6e5f6d6f64616c223b757365725f69647c733a313a2231223b617574685f637573746f6d7c733a353a2261646d696e223b757365725f746f6b656e7c733a34303a2262653364623663653035633539333362376133353530666530303561656266396163323638376465223b6964656e746974797c733a353a2261646d696e223b726f6c655f69647c733a313a2231223b6c6f676765645f696e7c623a313b6c616e67756167657c733a373a22656e676c697368223b),
('17aebe6f5a2edbce1c1200bedacd1832d38d9981', '::1', 1624353442, 0x5f5f63695f6c6173745f726567656e65726174657c693a313632343335333434323b7265717565737465645f706167657c733a35363a22687474703a2f2f6c6f63616c686f73742f504f53332f636c75625f6b69737365732f7075626c69632f726f6f6d732f726563657074696f6e223b70726576696f75735f706167657c733a35363a22687474703a2f2f6c6f63616c686f73742f504f53332f636c75625f6b69737365732f7075626c69632f726f6f6d732f726563657074696f6e223b757365725f69647c733a313a2231223b617574685f637573746f6d7c733a353a2261646d696e223b757365725f746f6b656e7c733a34303a2262653364623663653035633539333362376133353530666530303561656266396163323638376465223b6964656e746974797c733a353a2261646d696e223b726f6c655f69647c733a313a2231223b6c6f676765645f696e7c623a313b6c616e67756167657c733a373a22656e676c697368223b6d6573736167657c733a303a22223b5f5f63695f766172737c613a313a7b733a373a226d657373616765223b733a333a226e6577223b7d),
('k44f4r43makbu2lf7u286g642g', '::1', 1624473234, 0x5f5f63695f6c6173745f726567656e65726174657c693a313632343437333233333b7265717565737465645f706167657c733a35363a22687474703a2f2f6c6f63616c686f73742f504f53332f636c75625f6b69737365732f7075626c69632f726f6f6d732f726563657074696f6e223b6d6573736167657c733a34373a226572726f723a3a596f75206d757374206265206c6f6767656420696e20746f2076696577207468617420706167652e223b5f5f63695f766172737c613a313a7b733a373a226d657373616765223b733a333a226e6577223b7d),
('7027da69e48cb13424a484b0c969451a329456de', '::1', 1624354077, 0x5f5f63695f6c6173745f726567656e65726174657c693a313632343335333937353b7265717565737465645f706167657c733a37333a22687474703a2f2f6c6f63616c686f73742f504f53332f636c75625f6b69737365732f7075626c69632f726f6f6d732f726563657074696f6e2f616c6c6f636174696f6e5f6d6f64616c223b70726576696f75735f706167657c733a37333a22687474703a2f2f6c6f63616c686f73742f504f53332f636c75625f6b69737365732f7075626c69632f726f6f6d732f726563657074696f6e2f616c6c6f636174696f6e5f6d6f64616c223b757365725f69647c733a323a223238223b617574685f637573746f6d7c733a393a22726563657074696f6e223b757365725f746f6b656e7c733a34303a2239656435353562306533346335646433636239616662636538363734353333666632343766313834223b6964656e746974797c733a393a22726563657074696f6e223b726f6c655f69647c733a323a223131223b6c6f676765645f696e7c623a313b6c616e67756167657c733a373a22456e676c697368223b),
('8lc3hjf2sfknkjgt26l7absd6k', '::1', 1624473234, 0x5f5f63695f6c6173745f726567656e65726174657c693a313632343437333233333b7265717565737465645f706167657c733a36313a22687474703a2f2f6c6f63616c686f73742f504f53332f636c75625f6b69737365732f7075626c69632f61646d696e2f73657474696e67732f726f6c6573223b6d6573736167657c733a34373a226572726f723a3a596f75206d757374206265206c6f6767656420696e20746f2076696577207468617420706167652e223b5f5f63695f766172737c613a313a7b733a373a226d657373616765223b733a333a226e6577223b7d),
('si17aos9ho7offq71458auug35', '::1', 1624473234, 0x5f5f63695f6c6173745f726567656e65726174657c693a313632343437333233343b),
('lq1gho8ppgu80jrve7vndre3ro', '::1', 1624473234, 0x5f5f63695f6c6173745f726567656e65726174657c693a313632343437333233343b);

-- --------------------------------------------------------

--
-- Table structure for table `bf_email_queue`
--

DROP TABLE IF EXISTS `bf_email_queue`;
CREATE TABLE IF NOT EXISTS `bf_email_queue` (
  `id` int NOT NULL AUTO_INCREMENT,
  `to_email` varchar(254) NOT NULL,
  `subject` varchar(255) NOT NULL,
  `message` text NOT NULL,
  `alt_message` text,
  `max_attempts` int NOT NULL DEFAULT '3',
  `attempts` int NOT NULL DEFAULT '0',
  `success` tinyint(1) NOT NULL DEFAULT '0',
  `date_published` datetime DEFAULT NULL,
  `last_attempt` datetime DEFAULT NULL,
  `date_sent` datetime DEFAULT NULL,
  `csv_attachment` text,
  PRIMARY KEY (`id`)
) ENGINE=MyISAM DEFAULT CHARSET=utf8;

-- --------------------------------------------------------

--
-- Table structure for table `bf_login_attempts`
--

DROP TABLE IF EXISTS `bf_login_attempts`;
CREATE TABLE IF NOT EXISTS `bf_login_attempts` (
  `id` bigint NOT NULL AUTO_INCREMENT,
  `ip_address` varchar(45) NOT NULL,
  `login` varchar(255) NOT NULL,
  `time` timestamp NULL DEFAULT CURRENT_TIMESTAMP,
  PRIMARY KEY (`id`)
) ENGINE=MyISAM AUTO_INCREMENT=217 DEFAULT CHARSET=utf8;

--
-- Dumping data for table `bf_login_attempts`
--

INSERT INTO `bf_login_attempts` (`id`, `ip_address`, `login`, `time`) VALUES
(216, '::1', 'CASHIER', '2021-06-22 06:23:46');

-- --------------------------------------------------------

--
-- Table structure for table `bf_permissions`
--

DROP TABLE IF EXISTS `bf_permissions`;
CREATE TABLE IF NOT EXISTS `bf_permissions` (
  `permission_id` int NOT NULL AUTO_INCREMENT,
  `name` varchar(255) NOT NULL,
  `description` varchar(100) NOT NULL,
  `status` enum('active','inactive','deleted') NOT NULL DEFAULT 'active',
  PRIMARY KEY (`permission_id`)
) ENGINE=MyISAM AUTO_INCREMENT=114 DEFAULT CHARSET=utf8;

--
-- Dumping data for table `bf_permissions`
--

INSERT INTO `bf_permissions` (`permission_id`, `name`, `description`, `status`) VALUES
(2, 'Site.Content.View', 'Allow users to view the Content Context', 'active'),
(3, 'Site.Reports.View', 'Allow users to view the Reports Context', 'active'),
(4, 'Site.Settings.View', 'Allow users to view the Settings Context', 'active'),
(5, 'Site.Developer.View', 'Allow users to view the Developer Context', 'active'),
(6, 'Bonfire.Roles.Manage', 'Allow users to manage the user Roles', 'active'),
(7, 'Bonfire.Users.Manage', 'Allow users to manage the site Users', 'active'),
(8, 'Bonfire.Users.View', 'Allow users access to the User Settings', 'active'),
(9, 'Bonfire.Users.Add', 'Allow users to add new Users', 'active'),
(10, 'Bonfire.Database.Manage', 'Allow users to manage the Database settings', 'active'),
(11, 'Bonfire.Emailer.Manage', 'Allow users to manage the Emailer settings', 'active'),
(12, 'Bonfire.Logs.View', 'Allow users access to the Log details', 'active'),
(13, 'Bonfire.Logs.Manage', 'Allow users to manage the Log files', 'active'),
(14, 'Bonfire.Emailer.View', 'Allow users access to the Emailer settings', 'active'),
(15, 'Site.Signin.Offline', 'Allow users to login to the site when the site is offline', 'active'),
(16, 'Bonfire.Permissions.View', 'Allow access to view the Permissions menu unders Settings Context', 'active'),
(17, 'Bonfire.Permissions.Manage', 'Allow access to manage the Permissions in the system', 'active'),
(18, 'Bonfire.Modules.Add', 'Allow creation of modules with the builder.', 'active'),
(19, 'Bonfire.Modules.Delete', 'Allow deletion of modules.', 'active'),
(20, 'Permissions.Administrator.Manage', 'To manage the access control permissions for the Administrator role.', 'active'),
(21, 'Permissions.Editor.Manage', 'To manage the access control permissions for the Editor role.', 'active'),
(49, 'Bonfire.Roles.Add', 'To add New Roles', 'active'),
(23, 'Permissions.User.Manage', 'To manage the access control permissions for the User role.', 'active'),
(24, 'Permissions.Developer.Manage', 'To manage the access control permissions for the Developer role.', 'active'),
(48, 'Bonfire.Profiler.View', 'To view the Console Profiler Bar.', 'active'),
(26, 'Activities.Own.View', 'To view the users own activity logs', 'active'),
(27, 'Activities.Own.Delete', 'To delete the users own activity logs', 'active'),
(28, 'Activities.User.View', 'To view the user activity logs', 'active'),
(29, 'Activities.User.Delete', 'To delete the user activity logs, except own', 'active'),
(30, 'Activities.Module.View', 'To view the module activity logs', 'active'),
(31, 'Activities.Module.Delete', 'To delete the module activity logs', 'active'),
(32, 'Activities.Date.View', 'To view the users own activity logs', 'active'),
(33, 'Activities.Date.Delete', 'To delete the dated activity logs', 'active'),
(34, 'Bonfire.UI.Manage', 'Manage the Bonfire UI settings', 'active'),
(35, 'Bonfire.Settings.View', 'To view the site settings page.', 'active'),
(36, 'Bonfire.Settings.Manage', 'To manage the site settings.', 'active'),
(37, 'Bonfire.Activities.View', 'To view the Activities menu.', 'active'),
(38, 'Bonfire.Database.View', 'To view the Database menu.', 'active'),
(39, 'Bonfire.Migrations.View', 'To view the Migrations menu.', 'active'),
(40, 'Bonfire.Builder.View', 'To view the Modulebuilder menu.', 'active'),
(41, 'Bonfire.Roles.View', 'To view the Roles menu.', 'active'),
(42, 'Bonfire.Sysinfo.View', 'To view the System Information page.', 'active'),
(43, 'Bonfire.Translate.Manage', 'To manage the Language Translation.', 'active'),
(44, 'Bonfire.Translate.View', 'To view the Language Translate menu.', 'active'),
(45, 'Bonfire.UI.View', 'To view the UI/Keyboard Shortcut menu.', 'active'),
(50, 'Vision.Catalog.Create_product', 'Can create products in the catalog.', 'active'),
(51, 'Vision.Catalog.Edit_products', 'Can edit and delete products in the catalog.', 'active'),
(52, 'Vision.Catalog.Delete_products', 'Can delete products from the catalog.', 'active'),
(53, 'Vision.Catalog.View', 'Can view products in the catalog.', 'active'),
(54, 'Vision.Setting.View', 'Can the settings.', 'active'),
(55, 'Vision.Setting.View_Users', 'Can view user settings front end.', 'active'),
(56, 'Vision.Setting.Create_Users', 'Can create new user front end.', 'active'),
(57, 'Vision.Setting.Edit_Users', 'Can edit user details front end.', 'active'),
(58, 'Vision.Setting.Delete_Users', 'Can delete users and user settings front end.', 'active'),
(59, 'Vision.Setting.Manage_users', 'Can manage user detialsand settings front end.', 'active'),
(60, 'Vision.Setting.Create_categories', 'Can create product categories.', 'active'),
(61, 'Vision.Setting.Edit_categories', 'Can edit and delete product categories.', 'active'),
(62, 'Vision.Setting.Delete_categories', 'Can delete product categories.', 'active'),
(63, 'Vision.Setting.View_categories', 'Can view product categories.', 'active'),
(64, 'Vision.Setting.Create_units', 'Can create products units in the settings.', 'active'),
(65, 'Vision.Setting.Edit_units', 'Can edit and delete units in the settings.', 'active'),
(66, 'Vision.Setting.Delete_units', 'Can delete units from the settings.', 'active'),
(67, 'Vision.Setting.Units_View', 'Can view units in the settings.', 'active'),
(68, 'Permissions.Sales_Attendant.Manage', 'To manage the access control permissions for the Sales_Attendant role.', 'active'),
(69, 'Permissions.Manager.Manage', 'To manage the access control permissions for the Manager role.', 'active'),
(70, 'Vision.Suppliers.Create_supplier', 'Can create products a supplier.', 'active'),
(71, 'Vision.Suppliers.Edit_supplier', 'Can edit a supplier.', 'active'),
(72, 'Vision.Suppliers.Delete_supplier', 'Can delete a supplier.', 'active'),
(73, 'Vision.Suppliers.View', 'Can view suppliers.', 'active'),
(74, 'Vision.Suppliers.Reports', 'Can generate supplier reports.', 'active'),
(75, 'Vision.Setting.Business_profile', 'Edit business name and profile settings.', 'active'),
(76, 'Vision.Clients.Create_client', 'Can create products a client.', 'active'),
(77, 'Vision.Clients.Edit_client', 'Can edit a client.', 'active'),
(78, 'Vision.Clients.Delete_client', 'Can delete a client.', 'active'),
(79, 'Vision.Clients.View', 'Can view Clients.', 'active'),
(80, 'Vision.Clients.Reports', 'Can generate client reports.', 'active'),
(81, 'Vision.Stores.Purchase_order', 'Create purchase orders and receive store stocks.', 'active'),
(82, 'Vision.Stores.Approve_orders', 'Approve shop orders from store.', 'active'),
(83, 'Vision.Stores.Edit_stocks', 'Edit and delete store stocks.', 'active'),
(84, 'Vision.Stores.Receive_payment', 'Receive supplier payments for stocks bought.', 'active'),
(85, 'Vision.Stores.View', 'View store stocks and store orders.', 'active'),
(86, 'Vision.Stores.Manage', 'View store stocks and store orders.', 'active'),
(87, 'Vision.Distribution.Issue_stocks', 'Create purchase orders and receive store stocks.', 'active'),
(88, 'Vision.Distribution.Reconcile_Stocks', 'Approve shop orders from store.', 'active'),
(89, 'Vision.Distribution.Create_distributor', 'Edit and delete store stocks.', 'active'),
(90, 'Vision.Distribution.Edit_distributor', 'Receive supplier payments for stocks bought.', 'active'),
(91, 'Vision.Distribution.View', 'View store stocks and store orders.', 'active'),
(92, 'Vision.Distribution.Manage', 'View store stocks and store orders.', 'active'),
(93, 'Vision.Stocks.Purchase_order', 'Create purchase orders and receive shop stocks.', 'active'),
(94, 'Vision.Stocks.Create_orders', 'Create shop orders from store.', 'active'),
(95, 'Vision.Stocks.Edit_stocks', 'Edit and delete shop stocks.', 'active'),
(96, 'Vision.Stocks.Receive_payment', 'Receive supplier payments for stocks bought.', 'active'),
(97, 'Vision.Stocks.View', 'View shop stocks and orders.', 'active'),
(98, 'Vision.Stocks.Manage', 'Manage shop stocks and shop orders.', 'active'),
(99, 'Vision.Expenses.Create_expenses', 'Can create expenses.', 'active'),
(100, 'Vision.Expenses.Edit_expenses', 'Can edit and delete expenses.', 'active'),
(101, 'Vision.Expenses.Delete_expense', 'Can delete expenses.', 'active'),
(102, 'Vision.Expenses.View', 'Can view expenses.', 'active'),
(103, 'Permissions.Supervisor.Manage', 'To manage the access control permissions for the supervisor role.', 'active'),
(104, 'Permissions.Cashier.Manage', 'To manage the access control permissions for the Cashier role.', 'active'),
(105, 'Vision.General.Sales_billing', 'Receive payment for sales sales.', 'active'),
(106, 'Vision.General.Approve_stocks', 'Approve Receiving of stock for sales.', 'active'),
(107, 'Vision.Rooms.Create_room', 'Can create new hotel rooms.', 'active'),
(108, 'Vision.Rooms.Edit_rooms', 'Can edit hotel rooms details and prices.', 'active'),
(109, 'Vision.Rooms.Delete_rooms', 'Can disable and enable hotel rooms for allocation.', 'active'),
(110, 'Vision.Rooms.Manage_rooms', 'Overall Management of rooms and cancel allocations or reservations.', 'active'),
(111, 'Vision.Rooms.Allocate_rooms', 'Can allocate rooms to new guests and make reservations.', 'active'),
(112, 'Vision.Rooms.View', 'Can view the rooms module and links.', 'active'),
(113, 'Permissions.Reception.Manage', 'To manage the access control permissions for the Reception role.', 'active');

-- --------------------------------------------------------

--
-- Table structure for table `bf_roles`
--

DROP TABLE IF EXISTS `bf_roles`;
CREATE TABLE IF NOT EXISTS `bf_roles` (
  `role_id` int NOT NULL AUTO_INCREMENT,
  `role_name` varchar(60) NOT NULL,
  `description` varchar(255) DEFAULT NULL,
  `default` tinyint(1) NOT NULL DEFAULT '0',
  `can_delete` tinyint(1) NOT NULL DEFAULT '1',
  `login_destination` varchar(255) NOT NULL DEFAULT '/',
  `default_context` varchar(255) DEFAULT 'content',
  `deleted` int NOT NULL DEFAULT '0',
  PRIMARY KEY (`role_id`)
) ENGINE=MyISAM AUTO_INCREMENT=12 DEFAULT CHARSET=utf8;

--
-- Dumping data for table `bf_roles`
--

INSERT INTO `bf_roles` (`role_id`, `role_name`, `description`, `default`, `can_delete`, `login_destination`, `default_context`, `deleted`) VALUES
(1, 'Administrator', 'Has full control over every aspect of the site.', 0, 0, 'home', 'content', 0),
(2, 'Editor', 'Can handle day-to-day management, but does not have full power.', 0, 1, 'home', 'content', 0),
(4, 'User', 'This is the default user with access to login.', 1, 0, '', 'content', 0),
(6, 'Developer', 'Developers typically are the only ones that can access the developer tools. Otherwise identical to Administrators, at least until the site is handed off.', 0, 1, '', 'content', 0),
(7, 'Sales_Attendant', 'Sales attendant', 0, 0, 'home', 'content', 0),
(8, 'Manager', 'General Manager', 0, 0, 'home', 'content', 0),
(9, 'supervisor', 'Bakery management', 0, 0, 'home', 'content', 0),
(10, 'Cashier', 'Cashier', 0, 0, 'home/cashier', 'content', 0),
(11, 'Reception', 'Hotel Reception', 0, 0, 'rooms/reception', 'content', 0);

-- --------------------------------------------------------

--
-- Table structure for table `bf_role_permissions`
--

DROP TABLE IF EXISTS `bf_role_permissions`;
CREATE TABLE IF NOT EXISTS `bf_role_permissions` (
  `role_id` int NOT NULL,
  `permission_id` int NOT NULL,
  PRIMARY KEY (`role_id`,`permission_id`)
) ENGINE=MyISAM DEFAULT CHARSET=utf8;

--
-- Dumping data for table `bf_role_permissions`
--

INSERT INTO `bf_role_permissions` (`role_id`, `permission_id`) VALUES
(1, 2),
(1, 3),
(1, 4),
(1, 5),
(1, 6),
(1, 7),
(1, 8),
(1, 9),
(1, 10),
(1, 11),
(1, 12),
(1, 13),
(1, 14),
(1, 15),
(1, 16),
(1, 17),
(1, 18),
(1, 19),
(1, 20),
(1, 21),
(1, 23),
(1, 24),
(1, 26),
(1, 27),
(1, 28),
(1, 29),
(1, 30),
(1, 31),
(1, 32),
(1, 33),
(1, 34),
(1, 35),
(1, 36),
(1, 37),
(1, 38),
(1, 39),
(1, 40),
(1, 41),
(1, 42),
(1, 43),
(1, 44),
(1, 45),
(1, 48),
(1, 49),
(1, 50),
(1, 51),
(1, 52),
(1, 53),
(1, 54),
(1, 55),
(1, 56),
(1, 57),
(1, 58),
(1, 59),
(1, 60),
(1, 61),
(1, 62),
(1, 63),
(1, 64),
(1, 65),
(1, 66),
(1, 67),
(1, 68),
(1, 69),
(1, 70),
(1, 71),
(1, 72),
(1, 73),
(1, 74),
(1, 75),
(1, 76),
(1, 77),
(1, 78),
(1, 79),
(1, 80),
(1, 81),
(1, 82),
(1, 83),
(1, 84),
(1, 85),
(1, 86),
(1, 87),
(1, 88),
(1, 89),
(1, 90),
(1, 91),
(1, 92),
(1, 93),
(1, 94),
(1, 95),
(1, 96),
(1, 97),
(1, 98),
(1, 99),
(1, 100),
(1, 101),
(1, 102),
(1, 103),
(1, 104),
(1, 105),
(1, 106),
(1, 107),
(1, 108),
(1, 109),
(1, 110),
(1, 111),
(1, 112),
(1, 113),
(2, 2),
(2, 3),
(6, 2),
(6, 3),
(6, 4),
(6, 5),
(6, 6),
(6, 7),
(6, 8),
(6, 9),
(6, 10),
(6, 11),
(6, 12),
(6, 13),
(6, 48),
(7, 85),
(7, 93),
(7, 94),
(7, 96),
(7, 97),
(8, 50),
(8, 51),
(8, 52),
(8, 53),
(8, 54),
(8, 55),
(8, 56),
(8, 57),
(8, 58),
(8, 59),
(8, 60),
(8, 61),
(8, 62),
(8, 63),
(8, 64),
(8, 65),
(8, 66),
(8, 67),
(8, 70),
(8, 71),
(8, 72),
(8, 73),
(8, 74),
(8, 75),
(8, 76),
(8, 77),
(8, 78),
(8, 79),
(8, 80),
(8, 81),
(8, 82),
(8, 83),
(8, 84),
(8, 86),
(8, 87),
(8, 88),
(8, 89),
(8, 90),
(8, 91),
(8, 92),
(8, 93),
(8, 94),
(8, 95),
(8, 96),
(8, 97),
(8, 98),
(8, 99),
(8, 100),
(8, 101),
(8, 102),
(8, 105),
(8, 106),
(8, 107),
(8, 108),
(8, 109),
(8, 110),
(8, 111),
(8, 112),
(9, 70),
(9, 93),
(9, 94),
(9, 95),
(9, 96),
(9, 97),
(9, 98),
(9, 106),
(9, 107),
(9, 108),
(9, 109),
(9, 110),
(9, 112),
(10, 94),
(10, 105),
(11, 111),
(11, 112);

-- --------------------------------------------------------

--
-- Table structure for table `bf_schema_version`
--

DROP TABLE IF EXISTS `bf_schema_version`;
CREATE TABLE IF NOT EXISTS `bf_schema_version` (
  `type` varchar(40) NOT NULL,
  `version` int NOT NULL DEFAULT '0',
  PRIMARY KEY (`type`)
) ENGINE=MyISAM DEFAULT CHARSET=utf8;

--
-- Dumping data for table `bf_schema_version`
--

INSERT INTO `bf_schema_version` (`type`, `version`) VALUES
('core', 43),
('catalog_', 1),
('setting_', 5),
('suppliers_', 1),
('clients_', 1),
('stores_', 1),
('distribution_', 1),
('stocks_', 1),
('expenses_', 1),
('rooms_', 1);

-- --------------------------------------------------------

--
-- Table structure for table `bf_sessions`
--

DROP TABLE IF EXISTS `bf_sessions`;
CREATE TABLE IF NOT EXISTS `bf_sessions` (
  `session_id` varchar(40) NOT NULL DEFAULT '0',
  `ip_address` varchar(45) NOT NULL DEFAULT '0',
  `user_agent` varchar(120) NOT NULL,
  `last_activity` int UNSIGNED NOT NULL DEFAULT '0',
  `user_data` text NOT NULL,
  PRIMARY KEY (`session_id`)
) ENGINE=MyISAM DEFAULT CHARSET=utf8;

-- --------------------------------------------------------

--
-- Table structure for table `bf_settings`
--

DROP TABLE IF EXISTS `bf_settings`;
CREATE TABLE IF NOT EXISTS `bf_settings` (
  `name` varchar(30) NOT NULL,
  `module` varchar(255) NOT NULL,
  `value` varchar(255) NOT NULL,
  PRIMARY KEY (`name`)
) ENGINE=MyISAM DEFAULT CHARSET=utf8;

--
-- Dumping data for table `bf_settings`
--

INSERT INTO `bf_settings` (`name`, `module`, `value`) VALUES
('site.title', 'core', 'Signal POS 3.0'),
('site.system_email', 'core', 'info@microvision.co.ke'),
('site.status', 'core', '1'),
('site.list_limit', 'core', '25'),
('site.show_profiler', 'core', '1'),
('site.show_front_profiler', 'core', '0'),
('auth.allow_register', 'core', '1'),
('auth.login_type', 'core', 'both'),
('auth.use_usernames', 'core', '1'),
('auth.allow_remember', 'core', '1'),
('auth.remember_length', 'core', '1209600'),
('auth.do_login_redirect', 'core', '1'),
('auth.use_extended_profile', 'core', '0'),
('sender_email', 'email', ''),
('protocol', 'email', 'mail'),
('mailpath', 'email', '/usr/sbin/sendmail'),
('smtp_host', 'email', ''),
('smtp_user', 'email', ''),
('smtp_pass', 'email', ''),
('smtp_port', 'email', ''),
('smtp_timeout', 'email', ''),
('mailtype', 'email', 'text'),
('site.languages', 'core', 'a:3:{i:0;s:7:\"english\";i:1;s:7:\"persian\";i:2;s:10:\"portuguese\";}'),
('auth.allow_name_change', 'core', '1'),
('auth.name_change_frequency', 'core', '1'),
('auth.name_change_limit', 'core', '1'),
('auth.password_min_length', 'core', '4'),
('auth.password_force_numbers', 'core', '0'),
('auth.password_force_symbols', 'core', '0'),
('auth.password_force_mixed_case', 'core', '0'),
('form_save', 'core.ui', 'ctrl+s/⌘+s'),
('goto_content', 'core.ui', 'alt+c'),
('auth.user_activation_method', 'core', '0'),
('auth.password_show_labels', 'core', '0'),
('password_iterations', 'users', '8'),
('site.offline_reason', 'core', ''),
('ext.street_name', 'core', ''),
('ext.country', 'core', 'US'),
('ext.state', 'core', ''),
('ext.type', 'core', 'small');

-- --------------------------------------------------------

--
-- Table structure for table `bf_users`
--

DROP TABLE IF EXISTS `bf_users`;
CREATE TABLE IF NOT EXISTS `bf_users` (
  `id` bigint UNSIGNED NOT NULL AUTO_INCREMENT,
  `role_id` int NOT NULL DEFAULT '4',
  `email` varchar(254) NOT NULL,
  `phone` varchar(20) DEFAULT NULL,
  `username` varchar(30) NOT NULL DEFAULT '',
  `password_hash` char(60) DEFAULT NULL,
  `reset_hash` varchar(40) DEFAULT NULL,
  `last_login` datetime DEFAULT NULL,
  `last_ip` varchar(45) NOT NULL DEFAULT '',
  `created_on` datetime DEFAULT NULL,
  `deleted` tinyint(1) NOT NULL DEFAULT '0',
  `reset_by` int DEFAULT NULL,
  `banned` tinyint(1) NOT NULL DEFAULT '0',
  `ban_message` varchar(255) DEFAULT NULL,
  `display_name` varchar(255) DEFAULT '',
  `display_name_changed` date DEFAULT NULL,
  `timezone` varchar(40) NOT NULL DEFAULT 'UM6',
  `language` varchar(20) NOT NULL DEFAULT 'english',
  `active` tinyint(1) NOT NULL DEFAULT '0',
  `activate_hash` varchar(40) NOT NULL DEFAULT '',
  `force_password_reset` tinyint(1) DEFAULT '0',
  PRIMARY KEY (`id`),
  KEY `email` (`email`)
) ENGINE=MyISAM AUTO_INCREMENT=7 DEFAULT CHARSET=utf8;

--
-- Dumping data for table `bf_users`
--

INSERT INTO `bf_users` (`id`, `role_id`, `email`, `phone`, `username`, `password_hash`, `reset_hash`, `last_login`, `last_ip`, `created_on`, `deleted`, `reset_by`, `banned`, `ban_message`, `display_name`, `display_name_changed`, `timezone`, `language`, `active`, `activate_hash`, `force_password_reset`) VALUES
(1, 1, 'admin@mybonfire.com', NULL, 'admin', '$2a$08$tjwufGsWskFkjdLAr3TD9OEoOsL3UmogwDK..4u8TZeywGBWx1n9.', NULL, '2021-06-22 09:23:53', '::1', '2017-07-09 15:12:24', 0, NULL, 0, NULL, 'admin', NULL, 'UM6', 'english', 1, '', 0),
(2, 7, 'sales@mail.com', '02583', 'sales', '$2a$08$EDJ5oggaYZVWvtHSmxZaEeR/6NoAaU9NAMPK7dWmvf1vdpX4rt27S', NULL, '2021-04-14 14:27:41', '::1', '2019-01-20 18:01:53', 0, NULL, 0, NULL, 'Sales Attendant', NULL, 'UP3', 'English', 0, '', 0),
(3, 8, 'manager@mail.com', '99', 'Manager', '$2a$08$5VkI455lZPKkXdINM1Orv.DWNhGCpe37uIIu.9YuICy1SqUuiVP6e', NULL, '2020-02-24 09:32:48', '127.0.0.1', '2019-01-20 19:20:47', 0, NULL, 0, NULL, 'Business Manager', NULL, 'UP3', 'English', 0, '', 0),
(4, 10, 'cashier@mail.com', '343434', 'Cashier', '$2a$08$Zi3GWgnHJwD3XAJYxMSacuNu1uzxpWp3xzckGNGonskJhdbx4Q1tC', NULL, '2021-05-16 14:46:33', '::1', NULL, 0, NULL, 0, NULL, 'Cashier', NULL, 'UP3', 'English', 0, '', 0),
(5, 9, 'supervisor@mail.com', '1212121', 'Supervisor', '$2a$08$Dv4qJA27CKx2jy88W3KKPuSx9L5cq3EWTTzWJagy9pBfgrhzlqHRm', NULL, '2021-03-20 09:07:37', '::1', NULL, 0, NULL, 0, NULL, 'Supervisor', NULL, 'UP3', 'English', 0, '', 0),
(6, 11, 'reception@mail.com', '072345678', 'reception', '$2a$08$QAMuPGOqTtZmwH38kFcEaOGW58NkQhJGyW61wkokGX20r15m26cFG', NULL, '2021-06-22 09:26:24', '::1', NULL, 0, NULL, 0, NULL, 'Test Reception', NULL, 'UP3', 'English', 0, '', 0);

-- --------------------------------------------------------

--
-- Table structure for table `bf_user_cookies`
--

DROP TABLE IF EXISTS `bf_user_cookies`;
CREATE TABLE IF NOT EXISTS `bf_user_cookies` (
  `user_id` bigint UNSIGNED NOT NULL,
  `token` varchar(128) NOT NULL,
  `created_on` datetime NOT NULL,
  KEY `token` (`token`)
) ENGINE=MyISAM DEFAULT CHARSET=utf8;

-- --------------------------------------------------------

--
-- Table structure for table `bf_user_meta`
--

DROP TABLE IF EXISTS `bf_user_meta`;
CREATE TABLE IF NOT EXISTS `bf_user_meta` (
  `meta_id` int UNSIGNED NOT NULL AUTO_INCREMENT,
  `user_id` bigint UNSIGNED NOT NULL DEFAULT '0',
  `meta_key` varchar(255) NOT NULL DEFAULT '',
  `meta_value` text,
  PRIMARY KEY (`meta_id`)
) ENGINE=MyISAM AUTO_INCREMENT=5 DEFAULT CHARSET=utf8;

--
-- Dumping data for table `bf_user_meta`
--

INSERT INTO `bf_user_meta` (`meta_id`, `user_id`, `meta_key`, `meta_value`) VALUES
(1, 9, 'state', ''),
(2, 9, 'country', 'US'),
(3, 1, 'state', ''),
(4, 1, 'country', 'US');

-- --------------------------------------------------------

--
-- Table structure for table `bf_vision_bills`
--

DROP TABLE IF EXISTS `bf_vision_bills`;
CREATE TABLE IF NOT EXISTS `bf_vision_bills` (
  `id` int NOT NULL AUTO_INCREMENT,
  `user_id` int NOT NULL,
  `bill_alias` text,
  `payment_option` int DEFAULT NULL COMMENT '1:cash, 2:mpesa, 3:credit, 4: cheque, 5:debit-card, 6:cheque',
  `billed_by` int DEFAULT NULL,
  `billing_time` datetime DEFAULT NULL,
  `cleared_on` datetime DEFAULT NULL,
  `bill_type` tinyint NOT NULL DEFAULT '1' COMMENT '1-Normal 2-Corporated 3-Distributor',
  `sale_type` tinyint NOT NULL DEFAULT '0' COMMENT '0: current sale, 1:old receipted sale',
  `manual_receipt` varchar(15) DEFAULT NULL,
  `client_id` int NOT NULL DEFAULT '0' COMMENT 'also stores bill id for distributor orders, sales type 3',
  `status` tinyint NOT NULL COMMENT '0:deleted,1:active,2:paid,3:debt,4:reactivated',
  `created_on` datetime NOT NULL,
  `created_by` int NOT NULL,
  `modified_on` datetime DEFAULT NULL,
  `modified_by` int DEFAULT NULL,
  PRIMARY KEY (`id`)
) ENGINE=InnoDB DEFAULT CHARSET=latin1 COMMENT='Handles bills';

-- --------------------------------------------------------

--
-- Table structure for table `bf_vision_bill_payments`
--

DROP TABLE IF EXISTS `bf_vision_bill_payments`;
CREATE TABLE IF NOT EXISTS `bf_vision_bill_payments` (
  `id` int NOT NULL AUTO_INCREMENT,
  `bill_id` int NOT NULL,
  `amount` double NOT NULL,
  `payment_option` tinyint NOT NULL,
  `created_on` datetime NOT NULL,
  `created_by` int NOT NULL,
  `modified_on` datetime DEFAULT NULL,
  `modified_by` int DEFAULT NULL,
  PRIMARY KEY (`id`)
) ENGINE=InnoDB DEFAULT CHARSET=latin1 COMMENT='For Split bill payments';

-- --------------------------------------------------------

--
-- Table structure for table `bf_vision_business_profile`
--

DROP TABLE IF EXISTS `bf_vision_business_profile`;
CREATE TABLE IF NOT EXISTS `bf_vision_business_profile` (
  `id` tinyint NOT NULL AUTO_INCREMENT,
  `name` text NOT NULL,
  `vat_no` varchar(20) DEFAULT NULL,
  `pin_no` varchar(20) DEFAULT NULL,
  `address` text,
  `phone` varchar(50) DEFAULT NULL,
  `slogan` text,
  `created_on` datetime NOT NULL,
  `created_by` int NOT NULL,
  `modified_on` datetime DEFAULT NULL,
  `modified_by` int DEFAULT NULL,
  PRIMARY KEY (`id`)
) ENGINE=MyISAM AUTO_INCREMENT=2 DEFAULT CHARSET=latin1;

--
-- Dumping data for table `bf_vision_business_profile`
--

INSERT INTO `bf_vision_business_profile` (`id`, `name`, `vat_no`, `pin_no`, `address`, `phone`, `slogan`, `created_on`, `created_by`, `modified_on`, `modified_by`) VALUES
(1, 'CLUB KISSES', '1111111', 'P051095381', 'RING ROAD NYALENDA', '0776250482', 'We offer best food,drinks and accomodation .', '2019-02-01 00:00:00', 1, '2021-03-23 13:50:23', 1);

-- --------------------------------------------------------

--
-- Table structure for table `bf_vision_corporate_bills`
--

DROP TABLE IF EXISTS `bf_vision_corporate_bills`;
CREATE TABLE IF NOT EXISTS `bf_vision_corporate_bills` (
  `id` int NOT NULL AUTO_INCREMENT,
  `bill_id` int NOT NULL,
  `client_id` int NOT NULL,
  `client_name` varchar(50) DEFAULT NULL COMMENT 'Person who is picking up the goods',
  `client_number` varchar(50) DEFAULT NULL,
  `is_beneficiary` tinyint NOT NULL,
  `status` tinyint NOT NULL,
  `created_on` datetime NOT NULL,
  `created_by` int NOT NULL,
  `modified_on` datetime DEFAULT NULL,
  `modified_by` int DEFAULT NULL,
  PRIMARY KEY (`id`)
) ENGINE=InnoDB DEFAULT CHARSET=utf8 COMMENT='corporate bills';

-- --------------------------------------------------------

--
-- Table structure for table `bf_vision_corporate_clients`
--

DROP TABLE IF EXISTS `bf_vision_corporate_clients`;
CREATE TABLE IF NOT EXISTS `bf_vision_corporate_clients` (
  `id` int NOT NULL AUTO_INCREMENT,
  `name` varchar(50) NOT NULL,
  `contact_person` varchar(50) NOT NULL,
  `phone` varchar(50) NOT NULL,
  `address` varchar(50) DEFAULT NULL,
  `credit_limit` double NOT NULL,
  `pricing_factor` int NOT NULL DEFAULT '0' COMMENT 'A percentage for inflating product prices',
  `discount` int NOT NULL DEFAULT '0' COMMENT 'A percentage of the discount rendered',
  `opening_balance` double NOT NULL DEFAULT '0',
  `client_type` tinyint NOT NULL COMMENT '1-Pre paid  2--Post Paid',
  `status` tinyint NOT NULL,
  `created_on` datetime NOT NULL,
  `created_by` int NOT NULL,
  `modified_on` datetime DEFAULT NULL,
  `modified_by` int DEFAULT NULL,
  PRIMARY KEY (`id`)
) ENGINE=MyISAM DEFAULT CHARSET=utf8 COMMENT='Corporate Clients';

-- --------------------------------------------------------

--
-- Table structure for table `bf_vision_corporate_client_transactions`
--

DROP TABLE IF EXISTS `bf_vision_corporate_client_transactions`;
CREATE TABLE IF NOT EXISTS `bf_vision_corporate_client_transactions` (
  `id` int NOT NULL AUTO_INCREMENT,
  `client_id` int NOT NULL,
  `transaction_no` varchar(20) DEFAULT NULL,
  `amount` double NOT NULL,
  `transaction_type` tinyint NOT NULL COMMENT '1:debit, 2:credit',
  `created_on` datetime NOT NULL,
  `created_by` int NOT NULL,
  `modified_on` datetime DEFAULT NULL,
  `modified_by` int DEFAULT NULL,
  PRIMARY KEY (`id`)
) ENGINE=MyISAM DEFAULT CHARSET=latin1;

-- --------------------------------------------------------

--
-- Table structure for table `bf_vision_corporate_invoices`
--

DROP TABLE IF EXISTS `bf_vision_corporate_invoices`;
CREATE TABLE IF NOT EXISTS `bf_vision_corporate_invoices` (
  `id` int NOT NULL AUTO_INCREMENT,
  `client_id` int NOT NULL,
  `start_date` datetime NOT NULL,
  `end_date` datetime NOT NULL,
  `amount` double NOT NULL,
  `payment_date` datetime NOT NULL,
  `status` tinyint NOT NULL,
  `created_on` datetime NOT NULL,
  `created_by` int NOT NULL,
  `modified_on` datetime DEFAULT NULL,
  `modified_by` int DEFAULT NULL,
  PRIMARY KEY (`id`)
) ENGINE=InnoDB DEFAULT CHARSET=utf8 COMMENT='Generated corporated invoices containing various bills over time';

-- --------------------------------------------------------

--
-- Table structure for table `bf_vision_distributors`
--

DROP TABLE IF EXISTS `bf_vision_distributors`;
CREATE TABLE IF NOT EXISTS `bf_vision_distributors` (
  `id` int NOT NULL AUTO_INCREMENT,
  `name` text NOT NULL,
  `phone` varchar(30) DEFAULT NULL,
  `type` tinyint NOT NULL COMMENT '1:salaried, 2: comission',
  `status` tinyint NOT NULL COMMENT '1:active, 0:inactive',
  `created_on` datetime NOT NULL,
  `created_by` int NOT NULL,
  `modified_on` datetime DEFAULT NULL,
  `modified_by` int DEFAULT NULL,
  PRIMARY KEY (`id`)
) ENGINE=MyISAM DEFAULT CHARSET=latin1;

-- --------------------------------------------------------

--
-- Table structure for table `bf_vision_distributor_orders`
--

DROP TABLE IF EXISTS `bf_vision_distributor_orders`;
CREATE TABLE IF NOT EXISTS `bf_vision_distributor_orders` (
  `id` int NOT NULL AUTO_INCREMENT,
  `issuing_date` datetime NOT NULL,
  `comments` text,
  `distributor_id` int DEFAULT NULL,
  `status` int NOT NULL DEFAULT '1' COMMENT '0:deleted, 1:active, 2:submitted, 3:reconcilled',
  `created_on` datetime NOT NULL,
  `created_by` int NOT NULL,
  `modified_on` datetime DEFAULT NULL,
  `modified_by` int DEFAULT NULL,
  PRIMARY KEY (`id`)
) ENGINE=MyISAM DEFAULT CHARSET=latin1;

-- --------------------------------------------------------

--
-- Table structure for table `bf_vision_distributor_order_items`
--

DROP TABLE IF EXISTS `bf_vision_distributor_order_items`;
CREATE TABLE IF NOT EXISTS `bf_vision_distributor_order_items` (
  `id` int NOT NULL AUTO_INCREMENT,
  `order_id` int NOT NULL,
  `product_id` int NOT NULL,
  `selling_price` float NOT NULL,
  `issued_qty` float NOT NULL,
  `returned_qty` float DEFAULT NULL,
  `created_by` int NOT NULL,
  `created_on` datetime NOT NULL,
  `modified_by` int DEFAULT NULL,
  `modified_on` datetime DEFAULT NULL,
  PRIMARY KEY (`id`)
) ENGINE=MyISAM DEFAULT CHARSET=latin1;

-- --------------------------------------------------------

--
-- Table structure for table `bf_vision_distributor_transactions`
--

DROP TABLE IF EXISTS `bf_vision_distributor_transactions`;
CREATE TABLE IF NOT EXISTS `bf_vision_distributor_transactions` (
  `id` int NOT NULL AUTO_INCREMENT,
  `distributor_id` int NOT NULL,
  `transaction_type` tinyint NOT NULL COMMENT '1:debit, 2:credit',
  `amount` double NOT NULL,
  `created_on` datetime NOT NULL,
  `created_by` int NOT NULL,
  `modified_on` datetime DEFAULT NULL,
  `modified_by` int DEFAULT NULL,
  PRIMARY KEY (`id`)
) ENGINE=MyISAM DEFAULT CHARSET=latin1;

-- --------------------------------------------------------

--
-- Table structure for table `bf_vision_expenses`
--

DROP TABLE IF EXISTS `bf_vision_expenses`;
CREATE TABLE IF NOT EXISTS `bf_vision_expenses` (
  `id` int NOT NULL AUTO_INCREMENT,
  `category_id` int NOT NULL,
  `account_id` int NOT NULL,
  `received_by` text,
  `expense_date` datetime NOT NULL,
  `comments` text,
  `amount` double NOT NULL,
  `type` tinyint NOT NULL DEFAULT '1' COMMENT '1:expense, 2:deposit',
  `created_on` datetime NOT NULL,
  `created_by` int NOT NULL,
  `modified_on` datetime DEFAULT NULL,
  `modified_by` int DEFAULT NULL,
  PRIMARY KEY (`id`)
) ENGINE=InnoDB DEFAULT CHARSET=utf8;

-- --------------------------------------------------------

--
-- Table structure for table `bf_vision_expense_accounts`
--

DROP TABLE IF EXISTS `bf_vision_expense_accounts`;
CREATE TABLE IF NOT EXISTS `bf_vision_expense_accounts` (
  `id` int NOT NULL AUTO_INCREMENT,
  `name` varchar(50) DEFAULT NULL,
  `status` tinyint DEFAULT NULL,
  `created_on` datetime NOT NULL,
  `created_by` int NOT NULL,
  `modified_on` datetime DEFAULT NULL,
  `modified_by` int DEFAULT NULL,
  PRIMARY KEY (`id`)
) ENGINE=InnoDB AUTO_INCREMENT=4 DEFAULT CHARSET=utf8;

--
-- Dumping data for table `bf_vision_expense_accounts`
--

INSERT INTO `bf_vision_expense_accounts` (`id`, `name`, `status`, `created_on`, `created_by`, `modified_on`, `modified_by`) VALUES
(1, 'Nyalenda Hardware', 1, '2019-02-06 00:00:00', 1, NULL, NULL),
(2, 'Club Kisses', 1, '2020-02-18 00:00:00', 1, NULL, NULL),
(3, 'Office Expenses', 1, '2020-02-18 00:00:00', 1, NULL, NULL);

-- --------------------------------------------------------

--
-- Table structure for table `bf_vision_expense_category`
--

DROP TABLE IF EXISTS `bf_vision_expense_category`;
CREATE TABLE IF NOT EXISTS `bf_vision_expense_category` (
  `id` int NOT NULL AUTO_INCREMENT,
  `name` varchar(50) NOT NULL,
  `status` tinyint NOT NULL,
  `created_on` datetime NOT NULL,
  `created_by` int NOT NULL,
  `modified_on` datetime DEFAULT NULL,
  `modified_by` int DEFAULT NULL,
  PRIMARY KEY (`id`)
) ENGINE=InnoDB AUTO_INCREMENT=9 DEFAULT CHARSET=utf8;

--
-- Dumping data for table `bf_vision_expense_category`
--

INSERT INTO `bf_vision_expense_category` (`id`, `name`, `status`, `created_on`, `created_by`, `modified_on`, `modified_by`) VALUES
(1, 'Transport', 1, '2019-02-06 00:00:00', 1, NULL, NULL),
(2, 'Maintenance', 1, '2019-02-06 00:00:00', 1, NULL, NULL),
(3, 'Salaries/Wages', 1, '2019-02-06 00:00:00', 1, NULL, NULL),
(4, 'Purchases', 1, '2019-02-06 00:00:00', 1, NULL, NULL),
(5, 'Utilities', 1, '2019-02-06 00:00:00', 1, NULL, NULL),
(6, 'Office Expenses', 1, '2019-02-06 00:00:00', 1, NULL, NULL),
(7, 'Advertising', 1, '2019-02-06 00:00:00', 1, NULL, NULL),
(8, 'Employee Benefits Program', 1, '2019-02-06 00:00:00', 1, NULL, NULL);

-- --------------------------------------------------------

--
-- Table structure for table `bf_vision_payroll_items`
--

DROP TABLE IF EXISTS `bf_vision_payroll_items`;
CREATE TABLE IF NOT EXISTS `bf_vision_payroll_items` (
  `id` int NOT NULL AUTO_INCREMENT,
  `name` char(50) NOT NULL,
  `type` tinyint NOT NULL COMMENT '1--Allowances 2--Expenses',
  `status` tinyint NOT NULL,
  `created_on` datetime NOT NULL,
  `created_by` int NOT NULL,
  `modified_on` datetime DEFAULT NULL,
  `modified_by` int DEFAULT NULL,
  PRIMARY KEY (`id`)
) ENGINE=InnoDB DEFAULT CHARSET=utf8;

-- --------------------------------------------------------

--
-- Table structure for table `bf_vision_payroll_salaryperiods`
--

DROP TABLE IF EXISTS `bf_vision_payroll_salaryperiods`;
CREATE TABLE IF NOT EXISTS `bf_vision_payroll_salaryperiods` (
  `id` int NOT NULL AUTO_INCREMENT,
  `salary_month` int NOT NULL,
  `salary_year` year NOT NULL,
  `item_id` int NOT NULL,
  `amount` double NOT NULL,
  `created_on` datetime NOT NULL,
  `created_by` int NOT NULL,
  `modified_on` datetime DEFAULT NULL,
  `modified_by` int DEFAULT NULL,
  PRIMARY KEY (`id`)
) ENGINE=InnoDB DEFAULT CHARSET=utf8;

-- --------------------------------------------------------

--
-- Table structure for table `bf_vision_payroll_users`
--

DROP TABLE IF EXISTS `bf_vision_payroll_users`;
CREATE TABLE IF NOT EXISTS `bf_vision_payroll_users` (
  `id` int NOT NULL AUTO_INCREMENT,
  `user_id` int NOT NULL,
  `basic_pay` double NOT NULL,
  `employment_date` datetime NOT NULL,
  `created_on` datetime NOT NULL,
  `created_by` int NOT NULL,
  `modified_on` datetime DEFAULT NULL,
  `modified_by` int DEFAULT NULL,
  PRIMARY KEY (`id`)
) ENGINE=InnoDB DEFAULT CHARSET=utf8;

-- --------------------------------------------------------

--
-- Table structure for table `bf_vision_products`
--

DROP TABLE IF EXISTS `bf_vision_products`;
CREATE TABLE IF NOT EXISTS `bf_vision_products` (
  `id` int NOT NULL AUTO_INCREMENT,
  `product_name` varchar(50) NOT NULL,
  `dose` varchar(20) DEFAULT NULL,
  `category_id` int NOT NULL,
  `description` varchar(50) DEFAULT NULL,
  `trade_price` float DEFAULT NULL,
  `unit_id` int NOT NULL,
  `retail_price` double NOT NULL,
  `wholesale_price` double DEFAULT NULL,
  `distribution_price` float DEFAULT '0',
  `image_url` varchar(50) DEFAULT NULL,
  `reorder_level` int NOT NULL,
  `store_reorder` int DEFAULT NULL,
  `barcode` varchar(50) DEFAULT NULL,
  `isvatable` tinyint NOT NULL COMMENT '0--Not Vatable  1--Vatable',
  `status` tinyint NOT NULL COMMENT '0--Disabled     1--Active ',
  `created_on` datetime NOT NULL,
  `created_by` int NOT NULL,
  `modified_by` int DEFAULT NULL,
  `modified_date` datetime DEFAULT NULL,
  PRIMARY KEY (`id`)
) ENGINE=InnoDB AUTO_INCREMENT=110 DEFAULT CHARSET=latin1 COMMENT='Products table';

--
-- Dumping data for table `bf_vision_products`
--

INSERT INTO `bf_vision_products` (`id`, `product_name`, `dose`, `category_id`, `description`, `trade_price`, `unit_id`, `retail_price`, `wholesale_price`, `distribution_price`, `image_url`, `reorder_level`, `store_reorder`, `barcode`, `isvatable`, `status`, `created_on`, `created_by`, `modified_by`, `modified_date`) VALUES
(1, 'DISCOUNT', NULL, 0, 'DISCOUNT', NULL, 1, -1, -1, 0, NULL, 0, NULL, NULL, 0, 0, '0000-00-00 00:00:00', 1, NULL, NULL),
(2, 'Soda 300ml', NULL, 1, 'Soda 300ml', 0, 1, 50, 50, 50, NULL, 1, 0, NULL, 1, 1, '0000-00-00 00:00:00', 1, NULL, NULL),
(3, 'Juice assorted', NULL, 1, 'Juice assorted', 0, 1, 100, 100, 100, NULL, 1, 0, NULL, 1, 1, '0000-00-00 00:00:00', 1, NULL, NULL),
(4, 'Fruit juice', NULL, 1, 'Fruit juice', 0, 1, 150, 150, 150, NULL, 1, 0, NULL, 1, 1, '0000-00-00 00:00:00', 1, NULL, NULL),
(5, 'Red Ice', NULL, 6, 'Red Ice', 200, 2, 200, 200, 200, NULL, 25, 0, NULL, 1, 0, '0000-00-00 00:00:00', 1, NULL, NULL),
(6, 'Yoghurt', NULL, 1, 'Yoghurt', 0, 1, 150, 150, 150, NULL, 1, 0, NULL, 1, 1, '0000-00-00 00:00:00', 1, NULL, NULL),
(7, 'Mineral water/ bottled', NULL, 1, 'Mineral water/ bottled', 0, 1, 50, 50, 50, NULL, 1, 0, NULL, 1, 1, '0000-00-00 00:00:00', 1, NULL, NULL),
(8, 'Energy drink ', NULL, 1, 'Energy drink ', 0, 1, 200, 200, 200, NULL, 1, 0, NULL, 1, 1, '0000-00-00 00:00:00', 1, NULL, NULL),
(9, 'Flavoured milk', NULL, 1, 'Flavoured milk', 0, 1, 100, 100, 100, NULL, 1, 0, NULL, 1, 1, '0000-00-00 00:00:00', 1, NULL, NULL),
(10, 'Milk ', NULL, 1, 'Milk ', 0, 1, 50, 50, 50, NULL, 1, 0, NULL, 1, 1, '0000-00-00 00:00:00', 1, NULL, NULL),
(11, 'Maziwa mala glass', NULL, 1, 'Maziwa mala glass', 0, 1, 80, 80, 80, NULL, 1, 0, NULL, 1, 1, '0000-00-00 00:00:00', 1, NULL, NULL),
(12, 'Smoothies', NULL, 1, 'Smoothies', 0, 1, 150, 150, 150, NULL, 1, 0, NULL, 1, 1, '0000-00-00 00:00:00', 1, NULL, NULL),
(13, 'Aerated Water ie', NULL, 1, 'Aerated Water ie', 0, 1, 0, 0, 0, NULL, 1, 0, NULL, 1, 1, '0000-00-00 00:00:00', 1, NULL, NULL),
(14, 'Soda water', NULL, 1, 'Soda water', 0, 1, 80, 80, 80, NULL, 1, 0, NULL, 1, 1, '0000-00-00 00:00:00', 1, NULL, NULL),
(15, 'Tonic water', NULL, 1, 'Tonic water', 0, 1, 80, 80, 80, NULL, 1, 0, NULL, 1, 1, '0000-00-00 00:00:00', 1, NULL, NULL),
(16, 'Bitter lemon', NULL, 1, 'Bitter lemon', 0, 1, 80, 80, 80, NULL, 1, 0, NULL, 1, 1, '0000-00-00 00:00:00', 1, NULL, NULL),
(17, 'Lemonades', NULL, 1, 'Lemonades', 0, 1, 100, 100, 100, NULL, 1, 0, NULL, 1, 1, '0000-00-00 00:00:00', 1, NULL, NULL),
(18, 'Tea cup', NULL, 2, 'Tea cup', 0, 1, 50, 50, 50, NULL, 1, 0, NULL, 1, 1, '0000-00-00 00:00:00', 1, NULL, NULL),
(19, 'PJM special tea', NULL, 2, 'PJM special tea', 0, 1, 250, 250, 250, NULL, 1, 0, NULL, 1, 1, '0000-00-00 00:00:00', 1, NULL, NULL),
(20, 'Hot milk cup', NULL, 2, 'Hot milk cup', 0, 1, 50, 50, 50, NULL, 1, 0, NULL, 1, 1, '0000-00-00 00:00:00', 1, NULL, NULL),
(21, 'Lemon Water', NULL, 2, 'Lemon Water', 0, 1, 50, 50, 50, NULL, 1, 0, NULL, 1, 1, '0000-00-00 00:00:00', 1, NULL, NULL),
(22, 'Masala tea/ Herbal tea', NULL, 2, 'Masala tea/ Herbal tea', 0, 1, 150, 150, 150, NULL, 1, 0, NULL, 1, 1, '0000-00-00 00:00:00', 1, NULL, NULL),
(23, 'Dawa/ concotion', NULL, 2, 'Dawa/ concotion', 0, 1, 150, 150, 150, NULL, 1, 0, NULL, 1, 1, '0000-00-00 00:00:00', 1, NULL, NULL),
(24, 'Coffee drinks', NULL, 2, 'Coffee drinks', 0, 1, 0, 0, 0, NULL, 1, 0, NULL, 1, 1, '0000-00-00 00:00:00', 1, NULL, NULL),
(25, 'cappichino', NULL, 2, 'cappichino', 0, 1, 200, 200, 200, NULL, 1, 0, NULL, 1, 1, '0000-00-00 00:00:00', 1, NULL, NULL),
(26, 'Latte', NULL, 2, 'Latte', 0, 1, 200, 200, 200, NULL, 1, 0, NULL, 1, 1, '0000-00-00 00:00:00', 1, NULL, NULL),
(27, 'Americano', NULL, 2, 'Americano', 0, 1, 200, 200, 200, NULL, 1, 0, NULL, 1, 1, '0000-00-00 00:00:00', 1, NULL, NULL),
(28, 'Expresso', NULL, 2, 'Expresso', 0, 1, 200, 200, 200, NULL, 1, 0, NULL, 1, 1, '0000-00-00 00:00:00', 1, NULL, NULL),
(29, 'mocha', NULL, 2, 'mocha', 0, 1, 200, 200, 200, NULL, 1, 0, NULL, 1, 1, '0000-00-00 00:00:00', 1, NULL, NULL),
(30, 'Iced coffee', NULL, 2, 'Iced coffee', 0, 1, 200, 200, 200, NULL, 1, 0, NULL, 1, 1, '0000-00-00 00:00:00', 1, NULL, NULL),
(31, 'cafetiere', NULL, 2, 'cafetiere', 0, 1, 200, 200, 200, NULL, 1, 0, NULL, 1, 1, '0000-00-00 00:00:00', 1, NULL, NULL),
(32, 'instant', NULL, 2, 'instant', 0, 1, 200, 200, 200, NULL, 1, 0, NULL, 1, 1, '0000-00-00 00:00:00', 1, NULL, NULL),
(33, 'White coffee', NULL, 2, 'White coffee', 0, 1, 80, 80, 80, NULL, 1, 0, NULL, 1, 1, '0000-00-00 00:00:00', 1, NULL, NULL),
(34, 'Chocolate', NULL, 2, 'Chocolate', 0, 1, 100, 100, 100, NULL, 1, 0, NULL, 1, 1, '0000-00-00 00:00:00', 1, NULL, NULL),
(35, 'Milo', NULL, 2, 'Milo', 0, 1, 100, 100, 100, NULL, 1, 0, NULL, 1, 1, '0000-00-00 00:00:00', 1, NULL, NULL),
(36, 'porriage', NULL, 2, 'porriage', 0, 1, 60, 60, 60, NULL, 1, 0, NULL, 1, 1, '0000-00-00 00:00:00', 1, NULL, NULL),
(37, 'cocoa', NULL, 2, 'cocoa', 0, 1, 100, 100, 100, NULL, 1, 0, NULL, 1, 1, '0000-00-00 00:00:00', 1, NULL, NULL),
(38, 'mandazi ', NULL, 3, 'mandazi ', 0, 1, 40, 40, 40, NULL, 1, 0, NULL, 1, 1, '0000-00-00 00:00:00', 1, NULL, NULL),
(39, 'Doughnuts', NULL, 3, 'Doughnuts', 0, 1, 40, 40, 40, NULL, 1, 0, NULL, 1, 1, '0000-00-00 00:00:00', 1, NULL, NULL),
(40, 'Sausages', NULL, 3, 'Sausages', 0, 1, 80, 80, 80, NULL, 1, 0, NULL, 1, 1, '0000-00-00 00:00:00', 1, NULL, NULL),
(41, 'Egg kienyeji', NULL, 3, 'Egg kienyeji', 0, 1, 80, 80, 80, NULL, 1, 0, NULL, 1, 1, '0000-00-00 00:00:00', 1, NULL, NULL),
(42, 'Samosa 2 pieces', NULL, 3, 'Samosa 2 pieces', 0, 1, 80, 80, 80, NULL, 1, 0, NULL, 1, 1, '0000-00-00 00:00:00', 1, NULL, NULL),
(43, 'Pancakes 2 pieces', NULL, 3, 'Pancakes 2 pieces', 0, 1, 100, 100, 100, NULL, 1, 0, NULL, 1, 1, '0000-00-00 00:00:00', 1, NULL, NULL),
(44, 'muffins', NULL, 3, 'muffins', 0, 1, 50, 50, 50, NULL, 1, 0, NULL, 1, 1, '0000-00-00 00:00:00', 1, NULL, NULL),
(45, 'Nduma / ngwaci', NULL, 3, 'Nduma / ngwaci', 0, 1, 50, 50, 50, NULL, 1, 0, NULL, 1, 1, '0000-00-00 00:00:00', 1, NULL, NULL),
(46, 'Toast/ Bandika', NULL, 3, 'Toast/ Bandika', 0, 1, 50, 50, 50, NULL, 1, 0, NULL, 1, 1, '0000-00-00 00:00:00', 1, NULL, NULL),
(47, 'Chapati white', NULL, 3, 'Chapati white', 0, 1, 30, 30, 30, NULL, 1, 0, NULL, 1, 1, '0000-00-00 00:00:00', 1, NULL, NULL),
(48, 'Chapati brown', NULL, 3, 'Chapati brown', 0, 1, 40, 40, 40, NULL, 1, 0, NULL, 1, 1, '0000-00-00 00:00:00', 1, NULL, NULL),
(49, 'meat roll', NULL, 3, 'meat roll', 0, 1, 80, 80, 80, NULL, 1, 0, NULL, 1, 1, '0000-00-00 00:00:00', 1, NULL, NULL),
(50, 'sausage roll', NULL, 3, 'sausage roll', 0, 1, 60, 60, 60, NULL, 1, 0, NULL, 1, 1, '0000-00-00 00:00:00', 1, NULL, NULL),
(51, 'Puffs', NULL, 3, 'Puffs', 0, 1, 50, 50, 50, NULL, 1, 0, NULL, 1, 1, '0000-00-00 00:00:00', 1, NULL, NULL),
(52, 'burger', NULL, 3, 'burger', 0, 1, 150, 150, 150, NULL, 1, 0, NULL, 1, 1, '0000-00-00 00:00:00', 1, NULL, NULL),
(53, 'Kebab', NULL, 3, 'Kebab', 0, 1, 60, 60, 60, NULL, 1, 0, NULL, 1, 1, '0000-00-00 00:00:00', 1, NULL, NULL),
(54, 'toast mayai', NULL, 3, 'toast mayai', 0, 1, 90, 90, 90, NULL, 1, 0, NULL, 1, 1, '0000-00-00 00:00:00', 1, NULL, NULL),
(55, 'Chips plain and masala', NULL, 4, 'Chips plain and masala', 0, 1, 120, 120, 120, NULL, 1, 0, NULL, 1, 1, '0000-00-00 00:00:00', 1, NULL, NULL),
(56, '1/4 chips kuku', NULL, 4, '1/4 chips kuku', 0, 1, 350, 350, 350, NULL, 1, 0, NULL, 1, 1, '0000-00-00 00:00:00', 1, NULL, NULL),
(57, 'mixed vegetables rice', NULL, 4, 'mixed vegetables rice', 0, 1, 200, 200, 200, NULL, 1, 0, NULL, 1, 1, '0000-00-00 00:00:00', 1, NULL, NULL),
(58, 'ugali fry beef', NULL, 4, 'ugali fry beef', 0, 1, 200, 200, 200, NULL, 1, 0, NULL, 1, 1, '0000-00-00 00:00:00', 1, NULL, NULL),
(59, 'rice fry beef', NULL, 4, 'rice fry beef', 0, 1, 250, 250, 250, NULL, 1, 0, NULL, 1, 1, '0000-00-00 00:00:00', 1, NULL, NULL),
(60, 'chapati fry beef', NULL, 4, 'chapati fry beef', 0, 1, 200, 200, 200, NULL, 1, 0, NULL, 1, 1, '0000-00-00 00:00:00', 1, NULL, NULL),
(61, 'mukimo fry beef', NULL, 4, 'mukimo fry beef', 0, 1, 180, 180, 180, NULL, 1, 0, NULL, 1, 1, '0000-00-00 00:00:00', 1, NULL, NULL),
(62, 'maini special', NULL, 4, 'maini special', 0, 1, 180, 180, 180, NULL, 1, 0, NULL, 1, 1, '0000-00-00 00:00:00', 1, NULL, NULL),
(63, 'Githeri special', NULL, 4, 'Githeri special', 0, 1, 150, 150, 150, NULL, 1, 0, NULL, 1, 1, '0000-00-00 00:00:00', 1, NULL, NULL),
(64, 'matoke special', NULL, 4, 'matoke special', 0, 1, 200, 200, 200, NULL, 1, 0, NULL, 1, 1, '0000-00-00 00:00:00', 1, NULL, NULL),
(65, 'pilau', NULL, 4, 'pilau', 0, 1, 200, 200, 200, NULL, 1, 0, NULL, 1, 1, '0000-00-00 00:00:00', 1, NULL, NULL),
(66, 'fish fried/ ugali/ fingurer', NULL, 4, 'fish fried/ ugali/ fingurer', 0, 1, 400, 400, 400, NULL, 1, 0, NULL, 1, 1, '0000-00-00 00:00:00', 1, NULL, NULL),
(67, 'ugali managu', NULL, 4, 'ugali managu', 0, 1, 150, 150, 150, NULL, 1, 0, NULL, 1, 1, '0000-00-00 00:00:00', 1, NULL, NULL),
(68, 'chapati mixed vegetables', NULL, 4, 'chapati mixed vegetables', 0, 1, 150, 150, 150, NULL, 1, 0, NULL, 1, 1, '0000-00-00 00:00:00', 1, NULL, NULL),
(69, 'matumbo ugali', NULL, 4, 'matumbo ugali', 0, 1, 170, 170, 170, NULL, 1, 0, NULL, 1, 1, '0000-00-00 00:00:00', 1, NULL, NULL),
(70, 'kuku plain 1/4', NULL, 4, 'kuku plain 1/4', 0, 1, 250, 250, 250, NULL, 1, 0, NULL, 1, 1, '0000-00-00 00:00:00', 1, NULL, NULL),
(71, 'full kuku kienyeji plain', NULL, 4, 'full kuku kienyeji plain', 0, 1, 1800, 1800, 1800, NULL, 1, 0, NULL, 1, 1, '0000-00-00 00:00:00', 1, NULL, NULL),
(72, 'grilled mbuzi', NULL, 4, 'grilled mbuzi', 0, 1, 500, 500, 500, NULL, 1, 0, NULL, 1, 1, '0000-00-00 00:00:00', 1, NULL, NULL),
(73, 'steamed rice', NULL, 4, 'steamed rice', 0, 1, 100, 100, 100, NULL, 1, 0, NULL, 1, 1, '0000-00-00 00:00:00', 1, NULL, NULL),
(74, 'vegetable rice', NULL, 4, 'vegetable rice', 0, 1, 130, 130, 130, NULL, 1, 0, NULL, 1, 1, '0000-00-00 00:00:00', 1, NULL, NULL),
(75, 'stir fried  rice', NULL, 4, 'stir fried  rice', 0, 1, 150, 150, 150, NULL, 1, 0, NULL, 1, 1, '0000-00-00 00:00:00', 1, NULL, NULL),
(76, 'pilau', NULL, 4, 'pilau', 0, 1, 200, 200, 200, NULL, 1, 0, NULL, 1, 1, '0000-00-00 00:00:00', 1, NULL, NULL),
(77, 'spaggeti/ macaroni', NULL, 4, 'spaggeti/ macaroni', 0, 1, 150, 150, 150, NULL, 1, 0, NULL, 1, 1, '0000-00-00 00:00:00', 1, NULL, NULL),
(78, 'nyama choma 1/2', NULL, 4, 'nyama choma 1/2', 0, 1, 350, 350, 350, NULL, 1, 0, NULL, 1, 1, '0000-00-00 00:00:00', 1, NULL, NULL),
(79, 'kachumbari/ tomato salsa', NULL, 4, 'kachumbari/ tomato salsa', 0, 1, 50, 50, 50, NULL, 1, 0, NULL, 1, 1, '0000-00-00 00:00:00', 1, NULL, NULL),
(80, 'indian style rice', NULL, 4, 'indian style rice', 0, 1, 150, 150, 150, NULL, 1, 0, NULL, 1, 1, '0000-00-00 00:00:00', 1, NULL, NULL),
(81, 'Pork chops', NULL, 4, 'Pork chops', 0, 1, 600, 600, 600, NULL, 1, 0, NULL, 1, 1, '0000-00-00 00:00:00', 1, NULL, NULL),
(82, 'Fish fingers with fries/ rice', NULL, 4, 'Fish fingers with fries/ rice', 0, 1, 400, 400, 400, NULL, 1, 0, NULL, 1, 1, '0000-00-00 00:00:00', 1, NULL, NULL),
(83, 'Assorted fruit plate', NULL, 5, 'Assorted fruit plate', 0, 1, 150, 150, 150, NULL, 1, 0, NULL, 1, 1, '0000-00-00 00:00:00', 1, NULL, NULL),
(84, 'Fruit punch', NULL, 5, 'Fruit punch', 0, 1, 150, 150, 150, NULL, 1, 0, NULL, 1, 1, '0000-00-00 00:00:00', 1, NULL, NULL),
(85, 'Assorted fruit with ice cream', NULL, 5, 'Assorted fruit with ice cream', 0, 1, 250, 250, 250, NULL, 1, 0, NULL, 1, 1, '0000-00-00 00:00:00', 1, NULL, NULL),
(86, 'Full breakfast', NULL, 5, 'Full breakfast', 0, 1, 500, 500, 500, NULL, 1, 0, NULL, 1, 1, '0000-00-00 00:00:00', 1, NULL, NULL),
(87, 'Juices', NULL, 6, 'Juices', 0, 1, 0, 0, 0, NULL, 1, 0, NULL, 1, 1, '0000-00-00 00:00:00', 1, NULL, NULL),
(88, 'Cerials', NULL, 6, 'Cerials', 0, 1, 0, 0, 0, NULL, 1, 0, NULL, 1, 1, '0000-00-00 00:00:00', 1, NULL, NULL),
(89, 'Pancakes', NULL, 6, 'Pancakes', 0, 1, 0, 0, 0, NULL, 1, 0, NULL, 1, 1, '0000-00-00 00:00:00', 1, NULL, NULL),
(90, 'Bread items', NULL, 6, 'Bread items', 0, 1, 0, 0, 0, NULL, 1, 0, NULL, 1, 1, '0000-00-00 00:00:00', 1, NULL, NULL),
(91, 'Preserves (jam marmalade and honey)', NULL, 6, 'Preserves (jam marmalade and honey)', 0, 1, 0, 0, 0, NULL, 1, 0, NULL, 1, 1, '0000-00-00 00:00:00', 1, NULL, NULL),
(92, 'Beverages', NULL, 6, 'Beverages', 0, 1, 0, 0, 0, NULL, 1, 0, NULL, 1, 1, '0000-00-00 00:00:00', 1, NULL, NULL),
(93, 'Cold buffet', NULL, 6, 'Cold buffet', 0, 1, 0, 0, 0, NULL, 1, 0, NULL, 1, 1, '0000-00-00 00:00:00', 1, NULL, NULL),
(94, 'Fresh and stewed fruits', NULL, 6, 'Fresh and stewed fruits', 0, 1, 0, 0, 0, NULL, 1, 0, NULL, 1, 1, '0000-00-00 00:00:00', 1, NULL, NULL),
(95, 'Fish', NULL, 6, 'Fish', 0, 1, 0, 0, 0, NULL, 1, 0, NULL, 1, 1, '0000-00-00 00:00:00', 1, NULL, NULL),
(96, 'Eggs', NULL, 6, 'Eggs', 0, 1, 0, 0, 0, NULL, 1, 0, NULL, 1, 1, '0000-00-00 00:00:00', 1, NULL, NULL),
(97, 'Potatoes and vegetables', NULL, 6, 'Potatoes and vegetables', 0, 1, 0, 0, 0, NULL, 1, 0, NULL, 1, 1, '0000-00-00 00:00:00', 1, NULL, NULL),
(98, 'Yoghurt', NULL, 6, 'Yoghurt', 0, 1, 0, 0, 0, NULL, 1, 0, NULL, 1, 1, '0000-00-00 00:00:00', 1, NULL, NULL),
(99, 'Meats', NULL, 6, 'Meats', 0, 1, 0, 0, 0, NULL, 1, 0, NULL, 1, 1, '0000-00-00 00:00:00', 1, NULL, NULL),
(100, 'Sausages and smokies', NULL, 6, 'Sausages and smokies', 0, 1, 0, 0, 0, NULL, 1, 0, NULL, 1, 1, '0000-00-00 00:00:00', 1, NULL, NULL),
(101, 'Potato wedges', NULL, 6, 'Potato wedges', 0, 1, 0, 0, 0, NULL, 1, 0, NULL, 1, 1, '0000-00-00 00:00:00', 1, NULL, NULL),
(102, 'Cream tea', NULL, 7, 'Cream tea', 0, 1, 0, 0, 0, NULL, 1, 0, NULL, 1, 1, '0000-00-00 00:00:00', 1, NULL, NULL),
(103, 'Full afternoon tea', NULL, 7, 'Full afternoon tea', 0, 1, 0, 0, 0, NULL, 1, 0, NULL, 1, 1, '0000-00-00 00:00:00', 1, NULL, NULL),
(104, 'High tea', NULL, 7, 'High tea', 0, 1, 0, 0, 0, NULL, 1, 0, NULL, 1, 1, '0000-00-00 00:00:00', 1, NULL, NULL),
(105, 'Scones', NULL, 8, 'Scones', 0, 1, 0, 0, 0, NULL, 1, 0, NULL, 1, 1, '0000-00-00 00:00:00', 1, NULL, NULL),
(106, 'Whipped cream', NULL, 8, 'Whipped cream', 0, 1, 0, 0, 0, NULL, 1, 0, NULL, 1, 1, '0000-00-00 00:00:00', 1, NULL, NULL),
(107, 'Strawberry Jam', NULL, 8, 'Strawberry Jam', 0, 1, 0, 0, 0, NULL, 1, 0, NULL, 1, 1, '0000-00-00 00:00:00', 1, NULL, NULL),
(108, 'Butter (optional)', NULL, 8, 'Butter (optional)', 0, 1, 0, 0, 0, NULL, 1, 0, NULL, 1, 1, '0000-00-00 00:00:00', 1, NULL, NULL),
(109, 'Hot tea and hot water', NULL, 8, 'Hot tea and hot water', 0, 1, 0, 0, 0, NULL, 1, 0, NULL, 1, 1, '0000-00-00 00:00:00', 1, NULL, NULL);

-- --------------------------------------------------------

--
-- Table structure for table `bf_vision_product_categories`
--

DROP TABLE IF EXISTS `bf_vision_product_categories`;
CREATE TABLE IF NOT EXISTS `bf_vision_product_categories` (
  `id` int NOT NULL AUTO_INCREMENT,
  `name` varchar(50) CHARACTER SET latin1 COLLATE latin1_swedish_ci NOT NULL,
  `status` tinyint NOT NULL DEFAULT '1' COMMENT '1:active,0:inactive',
  `created_on` datetime NOT NULL,
  `created_by` int NOT NULL,
  `modified_on` datetime DEFAULT NULL,
  `modified_by` int DEFAULT NULL,
  PRIMARY KEY (`id`)
) ENGINE=InnoDB AUTO_INCREMENT=9 DEFAULT CHARSET=utf8 COMMENT='product categories ';

--
-- Dumping data for table `bf_vision_product_categories`
--

INSERT INTO `bf_vision_product_categories` (`id`, `name`, `status`, `created_on`, `created_by`, `modified_on`, `modified_by`) VALUES
(1, 'Cold Drinks', 1, '0000-00-00 00:00:00', 1, NULL, NULL),
(2, 'Hot drinks', 1, '0000-00-00 00:00:00', 1, NULL, NULL),
(3, 'Snacks', 1, '0000-00-00 00:00:00', 1, NULL, NULL),
(4, 'Main dishes', 1, '0000-00-00 00:00:00', 1, NULL, NULL),
(5, 'Fruits', 1, '0000-00-00 00:00:00', 1, NULL, NULL),
(6, 'Breakfast menu', 1, '0000-00-00 00:00:00', 1, NULL, NULL),
(7, 'Afternoon tea', 1, '0000-00-00 00:00:00', 1, NULL, NULL),
(8, 'Cream tea (accompaniments)', 1, '0000-00-00 00:00:00', 1, NULL, NULL);

-- --------------------------------------------------------

--
-- Table structure for table `bf_vision_product_wholesale_units`
--

DROP TABLE IF EXISTS `bf_vision_product_wholesale_units`;
CREATE TABLE IF NOT EXISTS `bf_vision_product_wholesale_units` (
  `id` int NOT NULL AUTO_INCREMENT,
  `product_id` int NOT NULL,
  `wholesale_retail_unit` int NOT NULL,
  `status` tinyint NOT NULL,
  `created_on` datetime NOT NULL,
  `created_by` int NOT NULL,
  `modified_on` datetime DEFAULT NULL,
  `modified_by` int DEFAULT NULL,
  PRIMARY KEY (`id`)
) ENGINE=InnoDB DEFAULT CHARSET=utf8;

-- --------------------------------------------------------

--
-- Table structure for table `bf_vision_retail_units`
--

DROP TABLE IF EXISTS `bf_vision_retail_units`;
CREATE TABLE IF NOT EXISTS `bf_vision_retail_units` (
  `id` int NOT NULL AUTO_INCREMENT,
  `unit_name` varchar(50) CHARACTER SET latin1 COLLATE latin1_swedish_ci NOT NULL,
  `status` tinyint NOT NULL DEFAULT '1' COMMENT '1:active,0:inactive',
  `created_on` datetime NOT NULL,
  `created_by` int NOT NULL,
  `modified_on` datetime DEFAULT NULL,
  `modified_by` int DEFAULT NULL,
  PRIMARY KEY (`id`)
) ENGINE=InnoDB AUTO_INCREMENT=14 DEFAULT CHARSET=utf8 COMMENT='Retail product units defination ';

--
-- Dumping data for table `bf_vision_retail_units`
--

INSERT INTO `bf_vision_retail_units` (`id`, `unit_name`, `status`, `created_on`, `created_by`, `modified_on`, `modified_by`) VALUES
(1, 'UNITS', 1, '2021-09-06 23:19:37', 1, NULL, NULL),
(6, 'BOTTLES', 1, '2021-04-03 00:00:00', 1, '2021-04-03 11:29:09', 1),
(7, 'PIECES', 1, '2021-04-03 00:00:00', 1, '2021-04-03 11:29:22', 1),
(8, 'CANS', 1, '2021-04-03 00:00:00', 1, '2021-04-03 11:29:13', 1),
(10, 'KGS', 1, '2021-04-03 00:00:00', 1, '2021-04-03 11:29:16', 1),
(11, 'PLATES', 1, '2021-04-03 00:00:00', 1, '2021-04-03 11:29:26', 1),
(12, 'PORTIONS', 1, '2021-04-03 00:00:00', 1, '2021-04-03 11:29:29', 1),
(13, 'PACKET', 1, '2021-04-03 00:00:00', 1, '2021-04-03 11:29:19', 1);

-- --------------------------------------------------------

--
-- Table structure for table `bf_vision_rooms`
--

DROP TABLE IF EXISTS `bf_vision_rooms`;
CREATE TABLE IF NOT EXISTS `bf_vision_rooms` (
  `id` int NOT NULL AUTO_INCREMENT,
  `room_no` varchar(20) COLLATE utf8_unicode_ci NOT NULL,
  `category` text COLLATE utf8_unicode_ci,
  `price` double NOT NULL,
  `description` text COLLATE utf8_unicode_ci,
  `status` tinyint NOT NULL DEFAULT '1' COMMENT '0:disabled, 1:active',
  `occupancy` tinyint DEFAULT '0' COMMENT '0:vacant, 1:occupied',
  `level` text COLLATE utf8_unicode_ci,
  `created_on` datetime NOT NULL,
  `created_by` int NOT NULL,
  `modified_on` datetime DEFAULT NULL,
  `modified_by` int DEFAULT NULL,
  PRIMARY KEY (`id`)
) ENGINE=InnoDB AUTO_INCREMENT=5 DEFAULT CHARSET=utf8 COLLATE=utf8_unicode_ci COMMENT='hotel rooms';

--
-- Dumping data for table `bf_vision_rooms`
--

INSERT INTO `bf_vision_rooms` (`id`, `room_no`, `category`, `price`, `description`, `status`, `occupancy`, `level`, `created_on`, `created_by`, `modified_on`, `modified_by`) VALUES
(1, 'A1', '1', 2000, 'Single person room', 1, 0, '1', '2021-06-20 11:41:16', 1, '2021-06-21 11:53:39', 1),
(2, 'A2', '1', 3500, 'Double standard', 1, 0, '2', '2021-06-21 12:18:56', 1, NULL, NULL),
(3, 'A3', '1', 2000, 'Etststs', 1, 0, '1', '2021-06-21 12:19:16', 1, NULL, NULL),
(4, 'B1', '2', 4000, 'Double deluxe', 1, 0, '2', '2021-06-21 12:19:39', 1, '2021-06-22 09:17:03', 1);

-- --------------------------------------------------------

--
-- Table structure for table `bf_vision_room_allocation`
--

DROP TABLE IF EXISTS `bf_vision_room_allocation`;
CREATE TABLE IF NOT EXISTS `bf_vision_room_allocation` (
  `id` int NOT NULL AUTO_INCREMENT,
  `room_id` int NOT NULL,
  `payment_mode` tinyint NOT NULL DEFAULT '1' COMMENT '1:cash, 2:mpesa, 3:credit, 4: cheque, 5:debit-card, 6:cheque',
  `national_id` varchar(30) COLLATE utf8_unicode_ci DEFAULT NULL,
  `occupant_name` text COLLATE utf8_unicode_ci,
  `phone` varchar(30) COLLATE utf8_unicode_ci DEFAULT NULL,
  `address` text COLLATE utf8_unicode_ci,
  `check_in` datetime NOT NULL,
  `check_out` datetime NOT NULL,
  `status` tinyint NOT NULL DEFAULT '0' COMMENT '0:vacant,1:checked in,2:reserved, -1 cancelled',
  `cost` double NOT NULL,
  `guests` tinyint DEFAULT NULL COMMENT 'number of guests',
  `created_on` datetime NOT NULL,
  `created_by` int NOT NULL,
  `modified_on` datetime DEFAULT NULL,
  `modified_by` int DEFAULT NULL,
  PRIMARY KEY (`id`),
  KEY `room_allocation` (`room_id`)
) ENGINE=InnoDB AUTO_INCREMENT=5 DEFAULT CHARSET=utf8 COLLATE=utf8_unicode_ci COMMENT='allocation of hotel rooms';

--
-- Dumping data for table `bf_vision_room_allocation`
--

INSERT INTO `bf_vision_room_allocation` (`id`, `room_id`, `payment_mode`, `national_id`, `occupant_name`, `phone`, `address`, `check_in`, `check_out`, `status`, `cost`, `guests`, `created_on`, `created_by`, `modified_on`, `modified_by`) VALUES
(1, 1, 1, '123455', 'Test Guest', '072456576', 'Test', '2021-06-21 11:53:00', '2021-06-21 11:53:00', 0, 2000, NULL, '2021-06-21 11:53:39', 1, NULL, NULL),
(2, 4, 1, '23456765', 'Edwin', '0756644', '', '2021-06-22 01:22:00', '2021-06-23 10:00:00', 1, 4000, NULL, '2021-06-22 01:23:35', 1, NULL, NULL),
(3, 2, 1, 'w', 'Ed', 'w', 'w', '2021-06-24 01:33:00', '2021-06-26 10:00:00', 1, 3500, NULL, '2021-06-22 01:34:15', 1, NULL, NULL),
(4, 4, 1, 'e', 'e', 'e', '', '2021-06-22 09:16:00', '2021-06-23 10:00:00', -1, 4000, NULL, '2021-06-22 09:16:50', 1, '2021-06-22 09:17:03', 1);

-- --------------------------------------------------------

--
-- Table structure for table `bf_vision_room_categories`
--

DROP TABLE IF EXISTS `bf_vision_room_categories`;
CREATE TABLE IF NOT EXISTS `bf_vision_room_categories` (
  `id` int NOT NULL AUTO_INCREMENT,
  `category` tinytext COLLATE utf8_unicode_ci,
  `status` tinyint DEFAULT '1',
  PRIMARY KEY (`id`)
) ENGINE=InnoDB AUTO_INCREMENT=4 DEFAULT CHARSET=utf8 COLLATE=utf8_unicode_ci;

--
-- Dumping data for table `bf_vision_room_categories`
--

INSERT INTO `bf_vision_room_categories` (`id`, `category`, `status`) VALUES
(1, 'Standard Suite', 1),
(2, 'Deluxe Suite', 1),
(3, 'Executive Suite', 1);

-- --------------------------------------------------------

--
-- Table structure for table `bf_vision_room_levels`
--

DROP TABLE IF EXISTS `bf_vision_room_levels`;
CREATE TABLE IF NOT EXISTS `bf_vision_room_levels` (
  `id` int NOT NULL AUTO_INCREMENT,
  `level` tinytext COLLATE utf8_unicode_ci,
  `status` tinyint DEFAULT '1',
  PRIMARY KEY (`id`)
) ENGINE=InnoDB AUTO_INCREMENT=4 DEFAULT CHARSET=utf8 COLLATE=utf8_unicode_ci;

--
-- Dumping data for table `bf_vision_room_levels`
--

INSERT INTO `bf_vision_room_levels` (`id`, `level`, `status`) VALUES
(1, 'Single', 1),
(2, 'Double', 1),
(3, 'Family', 1);

-- --------------------------------------------------------

--
-- Table structure for table `bf_vision_sales`
--

DROP TABLE IF EXISTS `bf_vision_sales`;
CREATE TABLE IF NOT EXISTS `bf_vision_sales` (
  `id` int NOT NULL AUTO_INCREMENT,
  `product_id` int NOT NULL,
  `bill_id` int NOT NULL,
  `stock_shop_id` int NOT NULL,
  `selling_price` double NOT NULL,
  `qty` float NOT NULL,
  `vat` double DEFAULT NULL,
  `status` tinyint NOT NULL,
  `created_on` datetime NOT NULL,
  `created_by` int NOT NULL,
  `modified_on` datetime DEFAULT NULL,
  `modified_by` int DEFAULT NULL,
  PRIMARY KEY (`id`)
) ENGINE=InnoDB DEFAULT CHARSET=utf8 COMMENT='Handles item sales';

-- --------------------------------------------------------

--
-- Table structure for table `bf_vision_shop_orders`
--

DROP TABLE IF EXISTS `bf_vision_shop_orders`;
CREATE TABLE IF NOT EXISTS `bf_vision_shop_orders` (
  `id` int NOT NULL AUTO_INCREMENT,
  `order_date` datetime NOT NULL,
  `comments` text,
  `approved_date` datetime DEFAULT NULL,
  `approved_by` int DEFAULT NULL,
  `status` tinyint NOT NULL DEFAULT '1',
  `created_by` int NOT NULL,
  `created_on` datetime NOT NULL,
  `modified_by` int DEFAULT NULL,
  `modified_on` datetime DEFAULT NULL,
  PRIMARY KEY (`id`)
) ENGINE=MyISAM DEFAULT CHARSET=latin1;

-- --------------------------------------------------------

--
-- Table structure for table `bf_vision_shop_order_items`
--

DROP TABLE IF EXISTS `bf_vision_shop_order_items`;
CREATE TABLE IF NOT EXISTS `bf_vision_shop_order_items` (
  `id` int NOT NULL AUTO_INCREMENT,
  `order_id` int NOT NULL,
  `product_id` int NOT NULL,
  `order_qty` float NOT NULL,
  `received_qty` float DEFAULT NULL,
  `status` tinyint NOT NULL DEFAULT '1',
  `created_by` int NOT NULL,
  `created_on` datetime NOT NULL,
  `modified_by` int DEFAULT NULL,
  `modified_on` datetime DEFAULT NULL,
  PRIMARY KEY (`id`)
) ENGINE=MyISAM DEFAULT CHARSET=latin1;

-- --------------------------------------------------------

--
-- Table structure for table `bf_vision_stock_shop`
--

DROP TABLE IF EXISTS `bf_vision_stock_shop`;
CREATE TABLE IF NOT EXISTS `bf_vision_stock_shop` (
  `id` int NOT NULL AUTO_INCREMENT,
  `product_id` int NOT NULL,
  `batch_no` varchar(20) DEFAULT NULL,
  `expiry_date` date DEFAULT NULL,
  `store_stock_id` int DEFAULT NULL,
  `purchased_qty` int NOT NULL,
  `current_qty` int NOT NULL,
  `purchased_date` datetime NOT NULL,
  `buying_price` double NOT NULL,
  `store_order_id` int NOT NULL,
  `status` int NOT NULL COMMENT '0--Inactive 1--Active 2--complete',
  `created_on` datetime NOT NULL,
  `created_by` int NOT NULL,
  `modified_on` datetime DEFAULT NULL,
  `modified_by` int DEFAULT NULL,
  PRIMARY KEY (`id`)
) ENGINE=InnoDB DEFAULT CHARSET=utf8 COMMENT='Stock in the shop';

-- --------------------------------------------------------

--
-- Table structure for table `bf_vision_stock_store`
--

DROP TABLE IF EXISTS `bf_vision_stock_store`;
CREATE TABLE IF NOT EXISTS `bf_vision_stock_store` (
  `id` int NOT NULL AUTO_INCREMENT,
  `product_id` int NOT NULL,
  `batch_no` varchar(50) DEFAULT NULL,
  `expiry_date` date DEFAULT NULL,
  `purchased_qty` int NOT NULL,
  `current_qty` int NOT NULL,
  `supply_order_id` int NOT NULL,
  `purchased_date` datetime NOT NULL,
  `buying_price` double NOT NULL,
  `supplier_id` int DEFAULT NULL,
  `status` int NOT NULL COMMENT '0--Inactive 1--Active 2--Complete',
  `created_on` datetime NOT NULL,
  `created_by` int NOT NULL,
  `modified_on` datetime DEFAULT NULL,
  `modified_by` int DEFAULT NULL,
  PRIMARY KEY (`id`)
) ENGINE=InnoDB DEFAULT CHARSET=utf8 COMMENT='Track Store Stock';

-- --------------------------------------------------------

--
-- Table structure for table `bf_vision_suppliers`
--

DROP TABLE IF EXISTS `bf_vision_suppliers`;
CREATE TABLE IF NOT EXISTS `bf_vision_suppliers` (
  `id` int NOT NULL AUTO_INCREMENT,
  `name` varchar(50) NOT NULL,
  `phone` varchar(50) NOT NULL,
  `address` varchar(50) NOT NULL,
  `email` varchar(50) DEFAULT NULL,
  `status` tinyint NOT NULL,
  `created_on` datetime DEFAULT NULL,
  `created_by` int DEFAULT NULL,
  `modified_on` datetime DEFAULT NULL,
  `modified_by` int DEFAULT NULL,
  PRIMARY KEY (`id`)
) ENGINE=InnoDB AUTO_INCREMENT=9 DEFAULT CHARSET=utf8;

--
-- Dumping data for table `bf_vision_suppliers`
--

INSERT INTO `bf_vision_suppliers` (`id`, `name`, `phone`, `address`, `email`, `status`, `created_on`, `created_by`, `modified_on`, `modified_by`) VALUES
(1, 'CLUBKISSES', '0770565699', 'NYALENDA KISUMU', 'clubkisses@gmail.com', 1, '2021-03-21 21:42:49', 1, NULL, NULL),
(5, 'Aquasai LTD', '0721912222', 'KISUMU', '', 1, '2021-03-27 17:07:21', 26, NULL, NULL),
(6, 'RAS DISTRIBUTORS', '0722232907', 'KISUMU', 'rasdistributors@gmail.com', 1, '2021-04-09 12:40:38', 26, NULL, NULL),
(7, 'DIRI ENTERPRISES', '0733537700', 'kisumu', 'diri@gmail.com', 1, '2021-04-25 15:38:51', 27, NULL, NULL),
(8, 'AYOTI DISTRIBUTORS', '0714015903', '2027-40100', 'AYOTI@GMAIL.COM', 1, '2021-05-11 13:29:34', 27, NULL, NULL);

-- --------------------------------------------------------

--
-- Table structure for table `bf_vision_supplier_transactions`
--

DROP TABLE IF EXISTS `bf_vision_supplier_transactions`;
CREATE TABLE IF NOT EXISTS `bf_vision_supplier_transactions` (
  `id` int NOT NULL AUTO_INCREMENT,
  `supplier_id` int NOT NULL,
  `description` text,
  `transaction_date` date DEFAULT NULL,
  `transaction_type` tinyint NOT NULL COMMENT '1:debit, 2:credit',
  `amount` double NOT NULL,
  `created_on` datetime NOT NULL,
  `created_by` int NOT NULL,
  `modified_on` datetime DEFAULT NULL,
  `modified_by` int DEFAULT NULL,
  PRIMARY KEY (`id`)
) ENGINE=MyISAM DEFAULT CHARSET=latin1;

-- --------------------------------------------------------

--
-- Table structure for table `bf_vision_supply_orders`
--

DROP TABLE IF EXISTS `bf_vision_supply_orders`;
CREATE TABLE IF NOT EXISTS `bf_vision_supply_orders` (
  `id` int NOT NULL AUTO_INCREMENT,
  `supplier_id` int DEFAULT NULL,
  `invoice_number` varchar(50) DEFAULT NULL,
  `delivery_date` datetime DEFAULT NULL,
  `payment_date` datetime DEFAULT NULL,
  `status` tinyint NOT NULL,
  `created_on` datetime NOT NULL,
  `created_by` int NOT NULL,
  `modified_on` datetime DEFAULT NULL,
  `modified_by` int DEFAULT NULL,
  PRIMARY KEY (`id`)
) ENGINE=InnoDB DEFAULT CHARSET=utf8 COMMENT='Suppliers orders';

-- --------------------------------------------------------

--
-- Table structure for table `bf_vision_supply_payments`
--

DROP TABLE IF EXISTS `bf_vision_supply_payments`;
CREATE TABLE IF NOT EXISTS `bf_vision_supply_payments` (
  `id` int NOT NULL AUTO_INCREMENT,
  `supply_order_id` int NOT NULL,
  `description` varchar(50) NOT NULL,
  `due_date` datetime NOT NULL,
  `order_amount` double NOT NULL,
  `amount_paid` double NOT NULL,
  `status` tinyint NOT NULL,
  `created_on` datetime NOT NULL,
  `created_by` int NOT NULL,
  `modified_on` datetime DEFAULT NULL,
  `modified_by` int DEFAULT NULL,
  PRIMARY KEY (`id`)
) ENGINE=InnoDB DEFAULT CHARSET=utf8 COMMENT='Some actions should be (clear,amount paid or postpone)';

-- --------------------------------------------------------

--
-- Table structure for table `bf_vision_wholesale_mearesuments`
--

DROP TABLE IF EXISTS `bf_vision_wholesale_mearesuments`;
CREATE TABLE IF NOT EXISTS `bf_vision_wholesale_mearesuments` (
  `id` int NOT NULL AUTO_INCREMENT,
  `name` varchar(50) DEFAULT NULL,
  `status` tinyint DEFAULT NULL,
  `created_on` datetime NOT NULL,
  `created_by` int NOT NULL,
  `modified_on` datetime DEFAULT NULL,
  `modified_by` int DEFAULT NULL,
  PRIMARY KEY (`id`)
) ENGINE=InnoDB DEFAULT CHARSET=utf8;

-- --------------------------------------------------------

--
-- Table structure for table `bf_vision_wholesale_retail_units`
--

DROP TABLE IF EXISTS `bf_vision_wholesale_retail_units`;
CREATE TABLE IF NOT EXISTS `bf_vision_wholesale_retail_units` (
  `id` int NOT NULL AUTO_INCREMENT,
  `measurement_unit` int DEFAULT NULL,
  `retail_unit_id` int DEFAULT NULL,
  `retailsunits` int DEFAULT NULL COMMENT 'Number of retails units making up one wholesale unit',
  `status` tinyint DEFAULT NULL,
  `created_on` datetime NOT NULL,
  `created_by` int NOT NULL,
  `modified_on` datetime DEFAULT NULL,
  `modified_by` int DEFAULT NULL,
  PRIMARY KEY (`id`)
) ENGINE=InnoDB DEFAULT CHARSET=utf8;

--
-- Constraints for dumped tables
--

--
-- Constraints for table `bf_vision_room_allocation`
--
ALTER TABLE `bf_vision_room_allocation`
  ADD CONSTRAINT `room_allocation` FOREIGN KEY (`room_id`) REFERENCES `bf_vision_rooms` (`id`) ON DELETE RESTRICT ON UPDATE RESTRICT;
COMMIT;

/*!40101 SET CHARACTER_SET_CLIENT=@OLD_CHARACTER_SET_CLIENT */;
/*!40101 SET CHARACTER_SET_RESULTS=@OLD_CHARACTER_SET_RESULTS */;
/*!40101 SET COLLATION_CONNECTION=@OLD_COLLATION_CONNECTION */;
