-- phpMyAdmin SQL Dump
-- version 5.0.2
-- https://www.phpmyadmin.net/
--
-- Host: 127.0.0.1:3306
-- Generation Time: Mar 18, 2021 at 09:57 PM
-- Server version: 8.0.21
-- PHP Version: 7.4.9

SET SQL_MODE = "NO_AUTO_VALUE_ON_ZERO";
START TRANSACTION;
SET time_zone = "+00:00";


/*!40101 SET @OLD_CHARACTER_SET_CLIENT=@@CHARACTER_SET_CLIENT */;
/*!40101 SET @OLD_CHARACTER_SET_RESULTS=@@CHARACTER_SET_RESULTS */;
/*!40101 SET @OLD_COLLATION_CONNECTION=@@COLLATION_CONNECTION */;
/*!40101 SET NAMES utf8mb4 */;

--
-- Database: `pos_v3_nyalenda`
--
DROP DATABASE pos_v3;
CREATE DATABASE IF NOT EXISTS `pos_v3` DEFAULT CHARACTER SET latin1 COLLATE latin1_swedish_ci;
USE `pos_v3`;

-- --------------------------------------------------------

--
-- Table structure for table `bf_activities`
--

DROP TABLE IF EXISTS `bf_activities`;
CREATE TABLE IF NOT EXISTS `bf_activities` (
  `activity_id` bigint NOT NULL AUTO_INCREMENT,
  `user_id` bigint UNSIGNED NOT NULL DEFAULT '0',
  `activity` varchar(255) NOT NULL,
  `module` varchar(255) NOT NULL,
  `created_on` datetime NOT NULL,
  `deleted` tinyint NOT NULL DEFAULT '0',
  PRIMARY KEY (`activity_id`)
) ENGINE=MyISAM AUTO_INCREMENT=3203 DEFAULT CHARSET=utf8;

-- --------------------------------------------------------

--
-- Table structure for table `bf_ci3_sessions`
--

DROP TABLE IF EXISTS `bf_ci3_sessions`;
CREATE TABLE IF NOT EXISTS `bf_ci3_sessions` (
  `id` varchar(40) NOT NULL,
  `ip_address` varchar(45) NOT NULL,
  `timestamp` int UNSIGNED NOT NULL DEFAULT '0',
  `data` blob NOT NULL,
  PRIMARY KEY (`id`)
) ENGINE=MyISAM DEFAULT CHARSET=utf8;

--
-- Dumping data for table `bf_ci3_sessions`
--

INSERT INTO `bf_ci3_sessions` (`id`, `ip_address`, `timestamp`, `data`) VALUES
('a42ea6355319ba5df4c186f14618e0f21d2bd550', '::1', 1616092434, 0x5f5f63695f6c6173745f726567656e65726174657c693a313631363039323433343b7265717565737465645f706167657c733a35333a22687474703a2f2f6c6f63616c686f73742f504f53332f636c75625f6b69737365732f7075626c69632f686f6d652f63617368696572223b6d6573736167657c733a303a22223b5f5f63695f766172737c613a313a7b733a373a226d657373616765223b733a333a226e6577223b7d),
('126349d55764403effb65e3a8b34b05a5774697a', '::1', 1616091283, 0x5f5f63695f6c6173745f726567656e65726174657c693a313631363039313238333b7265717565737465645f706167657c733a35333a22687474703a2f2f6c6f63616c686f73742f504f53332f636c75625f6b69737365732f7075626c69632f686f6d652f63617368696572223b70726576696f75735f706167657c733a35333a22687474703a2f2f6c6f63616c686f73742f504f53332f636c75625f6b69737365732f7075626c69632f686f6d652f63617368696572223b757365725f69647c733a313a2231223b617574685f637573746f6d7c733a353a2261646d696e223b757365725f746f6b656e7c733a34303a2262653364623663653035633539333362376133353530666530303561656266396163323638376465223b6964656e746974797c733a353a2261646d696e223b726f6c655f69647c733a313a2231223b6c6f676765645f696e7c623a313b),
('1bb031f8cbbed958103a55478059cde0d79fbe5d', '::1', 1616090969, 0x5f5f63695f6c6173745f726567656e65726174657c693a313631363039303936393b7265717565737465645f706167657c733a37313a22687474703a2f2f6c6f63616c686f73742f504f53332f636c75625f6b69737365732f7075626c69632f686f6d652f70726f647563745f646973706c61795f747970652f36343333223b70726576696f75735f706167657c733a37313a22687474703a2f2f6c6f63616c686f73742f504f53332f636c75625f6b69737365732f7075626c69632f686f6d652f70726f647563745f646973706c61795f747970652f36343333223b757365725f69647c733a313a2231223b617574685f637573746f6d7c733a353a2261646d696e223b757365725f746f6b656e7c733a34303a2262653364623663653035633539333362376133353530666530303561656266396163323638376465223b6964656e746974797c733a353a2261646d696e223b726f6c655f69647c733a313a2231223b6c6f676765645f696e7c623a313b),
('882e8e8de095801eef445cc2adf4579b9cea40fd', '::1', 1616089379, 0x5f5f63695f6c6173745f726567656e65726174657c693a313631363038393337393b757365725f69647c733a313a2231223b617574685f637573746f6d7c733a353a2261646d696e223b757365725f746f6b656e7c733a34303a2262653364623663653035633539333362376133353530666530303561656266396163323638376465223b6964656e746974797c733a353a2261646d696e223b726f6c655f69647c733a313a2231223b6c6f676765645f696e7c623a313b7265717565737465645f706167657c733a35333a22687474703a2f2f6c6f63616c686f73742f504f53332f636c75625f6b69737365732f7075626c69632f686f6d652f63617368696572223b70726576696f75735f706167657c733a35333a22687474703a2f2f6c6f63616c686f73742f504f53332f636c75625f6b69737365732f7075626c69632f686f6d652f63617368696572223b),
('93821162220f6468d10817ec3ed12aa4e92d0cf7', '::1', 1616086771, 0x5f5f63695f6c6173745f726567656e65726174657c693a313631363038363737313b7265717565737465645f706167657c733a34353a22687474703a2f2f6c6f63616c686f73742f504f53332f636c75625f6b69737365732f7075626c69632f686f6d65223b70726576696f75735f706167657c733a34353a22687474703a2f2f6c6f63616c686f73742f504f53332f636c75625f6b69737365732f7075626c69632f686f6d65223b757365725f69647c733a313a2231223b617574685f637573746f6d7c733a353a2261646d696e223b757365725f746f6b656e7c733a34303a2262653364623663653035633539333362376133353530666530303561656266396163323638376465223b6964656e746974797c733a353a2261646d696e223b726f6c655f69647c733a313a2231223b6c6f676765645f696e7c623a313b),
('f265ee9c164c45c6dd28dec481c0e2055f54bae2', '::1', 1616089065, 0x5f5f63695f6c6173745f726567656e65726174657c693a313631363038393036353b7265717565737465645f706167657c733a35333a22687474703a2f2f6c6f63616c686f73742f504f53332f636c75625f6b69737365732f7075626c69632f686f6d652f63617368696572223b6d6573736167657c733a303a22223b5f5f63695f766172737c613a313a7b733a373a226d657373616765223b733a333a226e6577223b7d),
('3188cc2dab65624378ebeb21f4891b75867f8ee6', '::1', 1616086299, 0x5f5f63695f6c6173745f726567656e65726174657c693a313631363038363239393b7265717565737465645f706167657c733a37313a22687474703a2f2f6c6f63616c686f73742f504f53332f636c75625f6b69737365732f7075626c69632f686f6d652f70726f647563745f646973706c61795f747970652f36343334223b70726576696f75735f706167657c733a37313a22687474703a2f2f6c6f63616c686f73742f504f53332f636c75625f6b69737365732f7075626c69632f686f6d652f70726f647563745f646973706c61795f747970652f36343334223b757365725f69647c733a313a2232223b617574685f637573746f6d7c733a353a2273616c6573223b757365725f746f6b656e7c733a34303a2231316539303337353131343133616366383263306461336365666135373064353362366262636631223b6964656e746974797c733a353a2273616c6573223b726f6c655f69647c733a313a2237223b6c6f676765645f696e7c623a313b6c616e67756167657c733a373a22456e676c697368223b),
('7ef80b274b9c9891ddbefe5a77722550dfe3663d', '::1', 1616084843, 0x5f5f63695f6c6173745f726567656e65726174657c693a313631363038343834333b7265717565737465645f706167657c733a37313a22687474703a2f2f6c6f63616c686f73742f504f53332f636c75625f6b69737365732f7075626c69632f686f6d652f70726f647563745f646973706c61795f747970652f36343334223b70726576696f75735f706167657c733a37313a22687474703a2f2f6c6f63616c686f73742f504f53332f636c75625f6b69737365732f7075626c69632f686f6d652f70726f647563745f646973706c61795f747970652f36343334223b757365725f69647c733a313a2232223b617574685f637573746f6d7c733a353a2273616c6573223b757365725f746f6b656e7c733a34303a2231316539303337353131343133616366383263306461336365666135373064353362366262636631223b6964656e746974797c733a353a2273616c6573223b726f6c655f69647c733a313a2237223b6c6f676765645f696e7c623a313b6c616e67756167657c733a373a22456e676c697368223b),
('7b349621d8b63e4a8e092e8832b7f4516e560c1a', '::1', 1616084090, 0x5f5f63695f6c6173745f726567656e65726174657c693a313631363038343039303b7265717565737465645f706167657c733a34313a22687474703a2f2f6c6f63616c686f73742f706f73332f636c75625f6b69737365732f7075626c69632f223b),
('6f17cd23ef7ed537dff415f54fa6eb0ec8c51c93', '::1', 1614847067, 0x5f5f63695f6c6173745f726567656e65726174657c693a313631343834373036373b),
('28c5ee9809f1b8362efbb77b1dfaf677fb5f1413', '::1', 1614860051, 0x5f5f63695f6c6173745f726567656e65726174657c693a313631343836303033363b7265717565737465645f706167657c733a34323a22687474703a2f2f6c6f63616c686f73742f504f53332f77686973706572732f7075626c69632f686f6d65223b70726576696f75735f706167657c733a34323a22687474703a2f2f6c6f63616c686f73742f504f53332f77686973706572732f7075626c69632f686f6d65223b757365725f69647c733a313a2231223b617574685f637573746f6d7c733a353a2261646d696e223b757365725f746f6b656e7c733a34303a2262653364623663653035633539333362376133353530666530303561656266396163323638376465223b6964656e746974797c733a353a2261646d696e223b726f6c655f69647c733a313a2231223b6c6f676765645f696e7c623a313b),
('8eba848da1347fc2194f3feac36ce56a2c039b35', '::1', 1615007041, 0x5f5f63695f6c6173745f726567656e65726174657c693a313631353030363934353b7265717565737465645f706167657c733a34323a22687474703a2f2f6c6f63616c686f73742f504f53332f77686973706572732f7075626c69632f686f6d65223b70726576696f75735f706167657c733a34323a22687474703a2f2f6c6f63616c686f73742f504f53332f77686973706572732f7075626c69632f686f6d65223b757365725f69647c733a313a2231223b617574685f637573746f6d7c733a353a2261646d696e223b757365725f746f6b656e7c733a34303a2262653364623663653035633539333362376133353530666530303561656266396163323638376465223b6964656e746974797c733a353a2261646d696e223b726f6c655f69647c733a313a2231223b6c6f676765645f696e7c623a313b),
('bccf097c33c46a98686f1e1a8b21d9aab3f0ba4c', '::1', 1614844567, 0x5f5f63695f6c6173745f726567656e65726174657c693a313631343834343536373b7265717565737465645f706167657c733a35373a22687474703a2f2f6c6f63616c686f73742f504f53332f77686973706572732f7075626c69632f75736572732f73657373696f6e5f6c6f67696e223b70726576696f75735f706167657c733a35373a22687474703a2f2f6c6f63616c686f73742f504f53332f77686973706572732f7075626c69632f75736572732f73657373696f6e5f6c6f67696e223b),
('0dcf431609ae399ae473f31fb593f26c16e07737', '::1', 1614846927, 0x5f5f63695f6c6173745f726567656e65726174657c693a313631343834363932373b7265717565737465645f706167657c733a35373a22687474703a2f2f6c6f63616c686f73742f504f53332f77686973706572732f7075626c69632f75736572732f73657373696f6e5f6c6f67696e223b70726576696f75735f706167657c733a35373a22687474703a2f2f6c6f63616c686f73742f504f53332f77686973706572732f7075626c69632f75736572732f73657373696f6e5f6c6f67696e223b),
('acb59e7b4e745baebdde3b8c55f55fc3ad527903', '::1', 1614845353, 0x5f5f63695f6c6173745f726567656e65726174657c693a313631343834353335333b7265717565737465645f706167657c733a35373a22687474703a2f2f6c6f63616c686f73742f504f53332f77686973706572732f7075626c69632f75736572732f73657373696f6e5f6c6f67696e223b70726576696f75735f706167657c733a35373a22687474703a2f2f6c6f63616c686f73742f504f53332f77686973706572732f7075626c69632f75736572732f73657373696f6e5f6c6f67696e223b),
('f1e348aac96d5bbff82d8013bee4f2212db9b28c', '::1', 1614845615, 0x5f5f63695f6c6173745f726567656e65726174657c693a313631343834353537373b7265717565737465645f706167657c733a33383a22687474703a2f2f6c6f63616c686f73742f504f53332f77686973706572732f7075626c69632f223b70726576696f75735f706167657c733a33383a22687474703a2f2f6c6f63616c686f73742f504f53332f77686973706572732f7075626c69632f223b757365725f69647c733a313a2232223b617574685f637573746f6d7c733a353a2273616c6573223b757365725f746f6b656e7c733a34303a2231316539303337353131343133616366383263306461336365666135373064353362366262636631223b6964656e746974797c733a353a2273616c6573223b726f6c655f69647c733a313a2237223b6c6f676765645f696e7c623a313b6c616e67756167657c733a373a22456e676c697368223b),
('0b822837a6b4764717788ab8d54549e1ea04e3d0', '::1', 1614843426, 0x5f5f63695f6c6173745f726567656e65726174657c693a313631343834333432363b7265717565737465645f706167657c733a35373a22687474703a2f2f6c6f63616c686f73742f504f53332f77686973706572732f7075626c69632f75736572732f73657373696f6e5f6c6f67696e223b70726576696f75735f706167657c733a35373a22687474703a2f2f6c6f63616c686f73742f504f53332f77686973706572732f7075626c69632f75736572732f73657373696f6e5f6c6f67696e223b),
('823a4cc0bf1bd2e9b895a76b5fd5dcfda5dfedd6', '::1', 1614842776, 0x5f5f63695f6c6173745f726567656e65726174657c693a313631343834323737363b7265717565737465645f706167657c733a35373a22687474703a2f2f6c6f63616c686f73742f504f53332f77686973706572732f7075626c69632f75736572732f73657373696f6e5f6c6f67696e223b70726576696f75735f706167657c733a35373a22687474703a2f2f6c6f63616c686f73742f504f53332f77686973706572732f7075626c69632f75736572732f73657373696f6e5f6c6f67696e223b),
('fbf01dc45d0571c22c42026493ab3e4825bf53f8', '::1', 1614842419, 0x5f5f63695f6c6173745f726567656e65726174657c693a313631343834323431393b7265717565737465645f706167657c733a35373a22687474703a2f2f6c6f63616c686f73742f504f53332f77686973706572732f7075626c69632f75736572732f73657373696f6e5f6c6f67696e223b70726576696f75735f706167657c733a35373a22687474703a2f2f6c6f63616c686f73742f504f53332f77686973706572732f7075626c69632f75736572732f73657373696f6e5f6c6f67696e223b),
('ff14e7207f064410f3b1fde4d56c48330c78e924', '::1', 1614842108, 0x5f5f63695f6c6173745f726567656e65726174657c693a313631343834323130383b7265717565737465645f706167657c733a35373a22687474703a2f2f6c6f63616c686f73742f504f53332f77686973706572732f7075626c69632f75736572732f73657373696f6e5f6c6f67696e223b70726576696f75735f706167657c733a35373a22687474703a2f2f6c6f63616c686f73742f504f53332f77686973706572732f7075626c69632f75736572732f73657373696f6e5f6c6f67696e223b),
('b741d4721483feb8f71f86dec7a6873185e7d772', '::1', 1614841662, 0x5f5f63695f6c6173745f726567656e65726174657c693a313631343834313636323b7265717565737465645f706167657c733a35373a22687474703a2f2f6c6f63616c686f73742f504f53332f77686973706572732f7075626c69632f75736572732f73657373696f6e5f6c6f67696e223b70726576696f75735f706167657c733a35373a22687474703a2f2f6c6f63616c686f73742f504f53332f77686973706572732f7075626c69632f75736572732f73657373696f6e5f6c6f67696e223b),
('6e84f8a79bac4be75fbc48e13d03c8c56f8f3c34', '::1', 1614840821, 0x5f5f63695f6c6173745f726567656e65726174657c693a313631343834303832313b7265717565737465645f706167657c733a35373a22687474703a2f2f6c6f63616c686f73742f504f53332f77686973706572732f7075626c69632f75736572732f73657373696f6e5f6c6f67696e223b70726576696f75735f706167657c733a35373a22687474703a2f2f6c6f63616c686f73742f504f53332f77686973706572732f7075626c69632f75736572732f73657373696f6e5f6c6f67696e223b),
('dd28bb6dc021e56ac258fa80ea3d05250788f45d', '::1', 1614841182, 0x5f5f63695f6c6173745f726567656e65726174657c693a313631343834313138323b7265717565737465645f706167657c733a35373a22687474703a2f2f6c6f63616c686f73742f504f53332f77686973706572732f7075626c69632f75736572732f73657373696f6e5f6c6f67696e223b70726576696f75735f706167657c733a35373a22687474703a2f2f6c6f63616c686f73742f504f53332f77686973706572732f7075626c69632f75736572732f73657373696f6e5f6c6f67696e223b),
('f09a0207e916eeaae7f1bf7a4cb5d0b05ed3d260', '::1', 1614840436, 0x5f5f63695f6c6173745f726567656e65726174657c693a313631343834303433363b7265717565737465645f706167657c733a35373a22687474703a2f2f6c6f63616c686f73742f504f53332f77686973706572732f7075626c69632f75736572732f73657373696f6e5f6c6f67696e223b70726576696f75735f706167657c733a35373a22687474703a2f2f6c6f63616c686f73742f504f53332f77686973706572732f7075626c69632f75736572732f73657373696f6e5f6c6f67696e223b),
('1891b459a2757a90cf08c155fde9ee9adf0ec5d5', '::1', 1614839596, 0x5f5f63695f6c6173745f726567656e65726174657c693a313631343833393539363b7265717565737465645f706167657c733a35373a22687474703a2f2f6c6f63616c686f73742f504f53332f77686973706572732f7075626c69632f75736572732f73657373696f6e5f6c6f67696e223b),
('0ec686441a3349aed2c7271db5c56fabdf121746', '::1', 1614840083, 0x5f5f63695f6c6173745f726567656e65726174657c693a313631343834303038333b7265717565737465645f706167657c733a35373a22687474703a2f2f6c6f63616c686f73742f504f53332f77686973706572732f7075626c69632f75736572732f73657373696f6e5f6c6f67696e223b70726576696f75735f706167657c733a35373a22687474703a2f2f6c6f63616c686f73742f504f53332f77686973706572732f7075626c69632f75736572732f73657373696f6e5f6c6f67696e223b),
('fafd0dbc964bbd2df6c07ca5fc7fee4ad636f4f4', '::1', 1614839283, 0x5f5f63695f6c6173745f726567656e65726174657c693a313631343833393238333b),
('48e615990dc5c0339b6de13edf78c4c985bc78a7', '::1', 1614838876, 0x5f5f63695f6c6173745f726567656e65726174657c693a313631343833383837363b),
('5f8cabad471ec09116d6d20870d127cdd7c99dd0', '::1', 1614837702, 0x5f5f63695f6c6173745f726567656e65726174657c693a313631343833373730323b),
('80082db3f1709f16dd2d4a94f640d8359c167289', '::1', 1614773459, 0x5f5f63695f6c6173745f726567656e65726174657c693a313631343737333435393b),
('c30f7b0dac83347273754ec5cb7529365b154c41', '::1', 1614773526, 0x5f5f63695f6c6173745f726567656e65726174657c693a313631343737333532363b),
('22ae570e293deffce3037d4e13cc55c0294f7b6e', '::1', 1614772216, 0x5f5f63695f6c6173745f726567656e65726174657c693a313631343737323231363b),
('7f45967ad235f3530724709b5bbf90077bc1a404', '::1', 1614772566, 0x5f5f63695f6c6173745f726567656e65726174657c693a313631343737323536363b),
('f26f8e4aba2e573ce8c8a423bf8882969749ec1d', '::1', 1614544289, 0x5f5f63695f6c6173745f726567656e65726174657c693a313631343534343238383b),
('c972499119eaf63aa8d7ec377326f556bee6dea2', '::1', 1614419517, 0x5f5f63695f6c6173745f726567656e65726174657c693a313631343431393531373b),
('adb4327c21971408594aefd13f41eafca011e4a8', '::1', 1614419525, 0x5f5f63695f6c6173745f726567656e65726174657c693a313631343431393532353b),
('056db70a2e27aeb847ac486e359a7315408ad75b', '::1', 1614419085, 0x5f5f63695f6c6173745f726567656e65726174657c693a313631343431393038353b7265717565737465645f706167657c733a33383a22687474703a2f2f6c6f63616c686f73742f504f53332f77686973706572732f7075626c69632f223b6d6573736167657c733a303a22223b5f5f63695f766172737c613a313a7b733a373a226d657373616765223b733a333a226e6577223b7d),
('8e7ab865dd54136d0bb05f1f7d0a9a1cdb20c839', '::1', 1614418201, 0x5f5f63695f6c6173745f726567656e65726174657c693a313631343431383230313b7265717565737465645f706167657c733a36383a22687474703a2f2f6c6f63616c686f73742f504f53332f77686973706572732f7075626c69632f686f6d652f70726f647563745f646973706c61795f747970652f36343333223b757365725f69647c733a313a2231223b617574685f637573746f6d7c733a353a2261646d696e223b757365725f746f6b656e7c733a34303a2234363065313463653364363562363937313765356134366462623336356662326232363264646661223b6964656e746974797c733a353a2261646d696e223b726f6c655f69647c733a313a2231223b6c6f676765645f696e7c623a313b70726576696f75735f706167657c733a36383a22687474703a2f2f6c6f63616c686f73742f504f53332f77686973706572732f7075626c69632f686f6d652f70726f647563745f646973706c61795f747970652f36343333223b),
('4a7989cef936b575e06872e0341bb758b4e1781d', '::1', 1614415942, 0x5f5f63695f6c6173745f726567656e65726174657c693a313631343431353934323b7265717565737465645f706167657c733a35383a22687474703a2f2f6c6f63616c686f73742f504f53332f77686973706572732f7075626c69632f686f6d652f726563656970745f646973706c6179223b757365725f69647c733a313a2231223b617574685f637573746f6d7c733a353a2261646d696e223b757365725f746f6b656e7c733a34303a2234363065313463653364363562363937313765356134366462623336356662326232363264646661223b6964656e746974797c733a353a2261646d696e223b726f6c655f69647c733a313a2231223b6c6f676765645f696e7c623a313b70726576696f75735f706167657c733a35383a22687474703a2f2f6c6f63616c686f73742f504f53332f77686973706572732f7075626c69632f686f6d652f726563656970745f646973706c6179223b),
('a7094de39537c8bfeda1625164b7cff7bba00401', '::1', 1614396885, 0x5f5f63695f6c6173745f726567656e65726174657c693a313631343339363735383b7265717565737465645f706167657c733a35353a22687474703a2f2f6c6f63616c686f73742f504f53332f77686973706572732f7075626c69632f686f6d652f6b65797061645f6d6f64616c223b757365725f69647c733a313a2231223b617574685f637573746f6d7c733a353a2261646d696e223b757365725f746f6b656e7c733a34303a2234363065313463653364363562363937313765356134366462623336356662326232363264646661223b6964656e746974797c733a353a2261646d696e223b726f6c655f69647c733a313a2231223b6c6f676765645f696e7c623a313b70726576696f75735f706167657c733a35353a22687474703a2f2f6c6f63616c686f73742f504f53332f77686973706572732f7075626c69632f686f6d652f6b65797061645f6d6f64616c223b),
('ef64bd0efc71543581cd448cfe147cd9b5a7d58c', '::1', 1614396755, 0x5f5f63695f6c6173745f726567656e65726174657c693a313631343339363735353b7265717565737465645f706167657c733a36383a22687474703a2f2f6c6f63616c686f73742f504f53332f77686973706572732f7075626c69632f686f6d652f70726f647563745f646973706c61795f747970652f36343333223b757365725f69647c733a313a2231223b617574685f637573746f6d7c733a353a2261646d696e223b757365725f746f6b656e7c733a34303a2234363065313463653364363562363937313765356134366462623336356662326232363264646661223b6964656e746974797c733a353a2261646d696e223b726f6c655f69647c733a313a2231223b6c6f676765645f696e7c623a313b70726576696f75735f706167657c733a36383a22687474703a2f2f6c6f63616c686f73742f504f53332f77686973706572732f7075626c69632f686f6d652f70726f647563745f646973706c61795f747970652f36343333223b),
('3f011dfc6e72f89b86a9bb648e509a9169edc2f3', '::1', 1614395523, 0x5f5f63695f6c6173745f726567656e65726174657c693a313631343339353532333b7265717565737465645f706167657c733a35383a22687474703a2f2f6c6f63616c686f73742f504f53332f77686973706572732f7075626c69632f686f6d652f726563656970745f646973706c6179223b757365725f69647c733a313a2231223b617574685f637573746f6d7c733a353a2261646d696e223b757365725f746f6b656e7c733a34303a2234363065313463653364363562363937313765356134366462623336356662326232363264646661223b6964656e746974797c733a353a2261646d696e223b726f6c655f69647c733a313a2231223b6c6f676765645f696e7c623a313b70726576696f75735f706167657c733a35383a22687474703a2f2f6c6f63616c686f73742f504f53332f77686973706572732f7075626c69632f686f6d652f726563656970745f646973706c6179223b),
('8afeea24d2db69a3a4cbe8cc8a71715f12b9aae9', '::1', 1614395156, 0x5f5f63695f6c6173745f726567656e65726174657c693a313631343339353135363b7265717565737465645f706167657c733a35353a22687474703a2f2f6c6f63616c686f73742f504f53332f77686973706572732f7075626c69632f686f6d652f6b65797061645f6d6f64616c223b757365725f69647c733a313a2231223b617574685f637573746f6d7c733a353a2261646d696e223b757365725f746f6b656e7c733a34303a2234363065313463653364363562363937313765356134366462623336356662326232363264646661223b6964656e746974797c733a353a2261646d696e223b726f6c655f69647c733a313a2231223b6c6f676765645f696e7c623a313b70726576696f75735f706167657c733a35353a22687474703a2f2f6c6f63616c686f73742f504f53332f77686973706572732f7075626c69632f686f6d652f6b65797061645f6d6f64616c223b),
('f145758b1a091bce07ce5965fe8834d19e4b2526', '::1', 1614350356, 0x5f5f63695f6c6173745f726567656e65726174657c693a313631343335303330343b7265717565737465645f706167657c733a37303a22687474703a2f2f6c6f63616c686f73742f504f53332f72657374617572616e742f7075626c69632f686f6d652f70726f647563745f646973706c61795f747970652f36343332223b757365725f69647c733a313a2231223b617574685f637573746f6d7c733a353a2261646d696e223b757365725f746f6b656e7c733a34303a2234363065313463653364363562363937313765356134366462623336356662326232363264646661223b6964656e746974797c733a353a2261646d696e223b726f6c655f69647c733a313a2231223b6c6f676765645f696e7c623a313b70726576696f75735f706167657c733a37303a22687474703a2f2f6c6f63616c686f73742f504f53332f72657374617572616e742f7075626c69632f686f6d652f70726f647563745f646973706c61795f747970652f36343332223b),
('707366e05538581a3535e7cdc7a68a645cecf6b1', '::1', 1614349516, 0x5f5f63695f6c6173745f726567656e65726174657c693a313631343334393531363b757365725f69647c733a313a2231223b617574685f637573746f6d7c733a353a2261646d696e223b757365725f746f6b656e7c733a34303a2234363065313463653364363562363937313765356134366462623336356662326232363264646661223b6964656e746974797c733a353a2261646d696e223b726f6c655f69647c733a313a2231223b6c6f676765645f696e7c623a313b7265717565737465645f706167657c733a34373a22687474703a2f2f6c6f63616c686f73742f504f53332f6e79616c656e64615f68617264776172652f7075626c69632f223b70726576696f75735f706167657c733a34373a22687474703a2f2f6c6f63616c686f73742f504f53332f6e79616c656e64615f68617264776172652f7075626c69632f223b),
('46b4feaaf161bd82babafbed56f0b11a1b922621', '::1', 1614350221, 0x5f5f63695f6c6173745f726567656e65726174657c693a313631343335303232313b7265717565737465645f706167657c733a35383a22687474703a2f2f6c6f63616c686f73742f504f53332f77686973706572732f7075626c69632f686f6d652f726563656970745f646973706c6179223b757365725f69647c733a313a2231223b617574685f637573746f6d7c733a353a2261646d696e223b757365725f746f6b656e7c733a34303a2234363065313463653364363562363937313765356134366462623336356662326232363264646661223b6964656e746974797c733a353a2261646d696e223b726f6c655f69647c733a313a2231223b6c6f676765645f696e7c623a313b70726576696f75735f706167657c733a35383a22687474703a2f2f6c6f63616c686f73742f504f53332f77686973706572732f7075626c69632f686f6d652f726563656970745f646973706c6179223b),
('dca222e5993fe10a8b80ca432fa292d941d40664', '::1', 1614350301, 0x5f5f63695f6c6173745f726567656e65726174657c693a313631343335303330313b7265717565737465645f706167657c733a37303a22687474703a2f2f6c6f63616c686f73742f504f53332f72657374617572616e742f7075626c69632f686f6d652f70726f647563745f646973706c61795f747970652f36343332223b757365725f69647c733a313a2231223b617574685f637573746f6d7c733a353a2261646d696e223b757365725f746f6b656e7c733a34303a2234363065313463653364363562363937313765356134366462623336356662326232363264646661223b6964656e746974797c733a353a2261646d696e223b726f6c655f69647c733a313a2231223b6c6f676765645f696e7c623a313b70726576696f75735f706167657c733a37303a22687474703a2f2f6c6f63616c686f73742f504f53332f72657374617572616e742f7075626c69632f686f6d652f70726f647563745f646973706c61795f747970652f36343332223b);

-- --------------------------------------------------------

--
-- Table structure for table `bf_email_queue`
--

DROP TABLE IF EXISTS `bf_email_queue`;
CREATE TABLE IF NOT EXISTS `bf_email_queue` (
  `id` int NOT NULL AUTO_INCREMENT,
  `to_email` varchar(254) NOT NULL,
  `subject` varchar(255) NOT NULL,
  `message` text NOT NULL,
  `alt_message` text,
  `max_attempts` int NOT NULL DEFAULT '3',
  `attempts` int NOT NULL DEFAULT '0',
  `success` tinyint(1) NOT NULL DEFAULT '0',
  `date_published` datetime DEFAULT NULL,
  `last_attempt` datetime DEFAULT NULL,
  `date_sent` datetime DEFAULT NULL,
  `csv_attachment` text,
  PRIMARY KEY (`id`)
) ENGINE=MyISAM DEFAULT CHARSET=utf8;

-- --------------------------------------------------------

--
-- Table structure for table `bf_login_attempts`
--

DROP TABLE IF EXISTS `bf_login_attempts`;
CREATE TABLE IF NOT EXISTS `bf_login_attempts` (
  `id` bigint NOT NULL AUTO_INCREMENT,
  `ip_address` varchar(45) NOT NULL,
  `login` varchar(255) NOT NULL,
  `time` timestamp NULL DEFAULT CURRENT_TIMESTAMP,
  PRIMARY KEY (`id`)
) ENGINE=MyISAM AUTO_INCREMENT=134 DEFAULT CHARSET=utf8;

-- --------------------------------------------------------

--
-- Table structure for table `bf_permissions`
--

DROP TABLE IF EXISTS `bf_permissions`;
CREATE TABLE IF NOT EXISTS `bf_permissions` (
  `permission_id` int NOT NULL AUTO_INCREMENT,
  `name` varchar(255) NOT NULL,
  `description` varchar(100) NOT NULL,
  `status` enum('active','inactive','deleted') NOT NULL DEFAULT 'active',
  PRIMARY KEY (`permission_id`)
) ENGINE=MyISAM AUTO_INCREMENT=107 DEFAULT CHARSET=utf8;

--
-- Dumping data for table `bf_permissions`
--

INSERT INTO `bf_permissions` (`permission_id`, `name`, `description`, `status`) VALUES
(2, 'Site.Content.View', 'Allow users to view the Content Context', 'active'),
(3, 'Site.Reports.View', 'Allow users to view the Reports Context', 'active'),
(4, 'Site.Settings.View', 'Allow users to view the Settings Context', 'active'),
(5, 'Site.Developer.View', 'Allow users to view the Developer Context', 'active'),
(6, 'Bonfire.Roles.Manage', 'Allow users to manage the user Roles', 'active'),
(7, 'Bonfire.Users.Manage', 'Allow users to manage the site Users', 'active'),
(8, 'Bonfire.Users.View', 'Allow users access to the User Settings', 'active'),
(9, 'Bonfire.Users.Add', 'Allow users to add new Users', 'active'),
(10, 'Bonfire.Database.Manage', 'Allow users to manage the Database settings', 'active'),
(11, 'Bonfire.Emailer.Manage', 'Allow users to manage the Emailer settings', 'active'),
(12, 'Bonfire.Logs.View', 'Allow users access to the Log details', 'active'),
(13, 'Bonfire.Logs.Manage', 'Allow users to manage the Log files', 'active'),
(14, 'Bonfire.Emailer.View', 'Allow users access to the Emailer settings', 'active'),
(15, 'Site.Signin.Offline', 'Allow users to login to the site when the site is offline', 'active'),
(16, 'Bonfire.Permissions.View', 'Allow access to view the Permissions menu unders Settings Context', 'active'),
(17, 'Bonfire.Permissions.Manage', 'Allow access to manage the Permissions in the system', 'active'),
(18, 'Bonfire.Modules.Add', 'Allow creation of modules with the builder.', 'active'),
(19, 'Bonfire.Modules.Delete', 'Allow deletion of modules.', 'active'),
(20, 'Permissions.Administrator.Manage', 'To manage the access control permissions for the Administrator role.', 'active'),
(21, 'Permissions.Editor.Manage', 'To manage the access control permissions for the Editor role.', 'active'),
(49, 'Bonfire.Roles.Add', 'To add New Roles', 'active'),
(23, 'Permissions.User.Manage', 'To manage the access control permissions for the User role.', 'active'),
(24, 'Permissions.Developer.Manage', 'To manage the access control permissions for the Developer role.', 'active'),
(48, 'Bonfire.Profiler.View', 'To view the Console Profiler Bar.', 'active'),
(26, 'Activities.Own.View', 'To view the users own activity logs', 'active'),
(27, 'Activities.Own.Delete', 'To delete the users own activity logs', 'active'),
(28, 'Activities.User.View', 'To view the user activity logs', 'active'),
(29, 'Activities.User.Delete', 'To delete the user activity logs, except own', 'active'),
(30, 'Activities.Module.View', 'To view the module activity logs', 'active'),
(31, 'Activities.Module.Delete', 'To delete the module activity logs', 'active'),
(32, 'Activities.Date.View', 'To view the users own activity logs', 'active'),
(33, 'Activities.Date.Delete', 'To delete the dated activity logs', 'active'),
(34, 'Bonfire.UI.Manage', 'Manage the Bonfire UI settings', 'active'),
(35, 'Bonfire.Settings.View', 'To view the site settings page.', 'active'),
(36, 'Bonfire.Settings.Manage', 'To manage the site settings.', 'active'),
(37, 'Bonfire.Activities.View', 'To view the Activities menu.', 'active'),
(38, 'Bonfire.Database.View', 'To view the Database menu.', 'active'),
(39, 'Bonfire.Migrations.View', 'To view the Migrations menu.', 'active'),
(40, 'Bonfire.Builder.View', 'To view the Modulebuilder menu.', 'active'),
(41, 'Bonfire.Roles.View', 'To view the Roles menu.', 'active'),
(42, 'Bonfire.Sysinfo.View', 'To view the System Information page.', 'active'),
(43, 'Bonfire.Translate.Manage', 'To manage the Language Translation.', 'active'),
(44, 'Bonfire.Translate.View', 'To view the Language Translate menu.', 'active'),
(45, 'Bonfire.UI.View', 'To view the UI/Keyboard Shortcut menu.', 'active'),
(50, 'Vision.Catalog.Create_product', 'Can create products in the catalog.', 'active'),
(51, 'Vision.Catalog.Edit_products', 'Can edit and delete products in the catalog.', 'active'),
(52, 'Vision.Catalog.Delete_products', 'Can delete products from the catalog.', 'active'),
(53, 'Vision.Catalog.View', 'Can view products in the catalog.', 'active'),
(54, 'Vision.Setting.View', 'Can the settings.', 'active'),
(55, 'Vision.Setting.View_Users', 'Can view user settings front end.', 'active'),
(56, 'Vision.Setting.Create_Users', 'Can create new user front end.', 'active'),
(57, 'Vision.Setting.Edit_Users', 'Can edit user details front end.', 'active'),
(58, 'Vision.Setting.Delete_Users', 'Can delete users and user settings front end.', 'active'),
(59, 'Vision.Setting.Manage_users', 'Can manage user detialsand settings front end.', 'active'),
(60, 'Vision.Setting.Create_categories', 'Can create product categories.', 'active'),
(61, 'Vision.Setting.Edit_categories', 'Can edit and delete product categories.', 'active'),
(62, 'Vision.Setting.Delete_categories', 'Can delete product categories.', 'active'),
(63, 'Vision.Setting.View_categories', 'Can view product categories.', 'active'),
(64, 'Vision.Setting.Create_units', 'Can create products units in the settings.', 'active'),
(65, 'Vision.Setting.Edit_units', 'Can edit and delete units in the settings.', 'active'),
(66, 'Vision.Setting.Delete_units', 'Can delete units from the settings.', 'active'),
(67, 'Vision.Setting.Units_View', 'Can view units in the settings.', 'active'),
(68, 'Permissions.Sales_Attendant.Manage', 'To manage the access control permissions for the Sales_Attendant role.', 'active'),
(69, 'Permissions.Manager.Manage', 'To manage the access control permissions for the Manager role.', 'active'),
(70, 'Vision.Suppliers.Create_supplier', 'Can create products a supplier.', 'active'),
(71, 'Vision.Suppliers.Edit_supplier', 'Can edit a supplier.', 'active'),
(72, 'Vision.Suppliers.Delete_supplier', 'Can delete a supplier.', 'active'),
(73, 'Vision.Suppliers.View', 'Can view suppliers.', 'active'),
(74, 'Vision.Suppliers.Reports', 'Can generate supplier reports.', 'active'),
(75, 'Vision.Setting.Business_profile', 'Edit business name and profile settings.', 'active'),
(76, 'Vision.Clients.Create_client', 'Can create products a client.', 'active'),
(77, 'Vision.Clients.Edit_client', 'Can edit a client.', 'active'),
(78, 'Vision.Clients.Delete_client', 'Can delete a client.', 'active'),
(79, 'Vision.Clients.View', 'Can view Clients.', 'active'),
(80, 'Vision.Clients.Reports', 'Can generate client reports.', 'active'),
(81, 'Vision.Stores.Purchase_order', 'Create purchase orders and receive store stocks.', 'active'),
(82, 'Vision.Stores.Approve_orders', 'Approve shop orders from store.', 'active'),
(83, 'Vision.Stores.Edit_stocks', 'Edit and delete store stocks.', 'active'),
(84, 'Vision.Stores.Receive_payment', 'Receive supplier payments for stocks bought.', 'active'),
(85, 'Vision.Stores.View', 'View store stocks and store orders.', 'active'),
(86, 'Vision.Stores.Manage', 'View store stocks and store orders.', 'active'),
(87, 'Vision.Distribution.Issue_stocks', 'Create purchase orders and receive store stocks.', 'active'),
(88, 'Vision.Distribution.Reconcile_Stocks', 'Approve shop orders from store.', 'active'),
(89, 'Vision.Distribution.Create_distributor', 'Edit and delete store stocks.', 'active'),
(90, 'Vision.Distribution.Edit_distributor', 'Receive supplier payments for stocks bought.', 'active'),
(91, 'Vision.Distribution.View', 'View store stocks and store orders.', 'active'),
(92, 'Vision.Distribution.Manage', 'View store stocks and store orders.', 'active'),
(93, 'Vision.Stocks.Purchase_order', 'Create purchase orders and receive shop stocks.', 'active'),
(94, 'Vision.Stocks.Create_orders', 'Create shop orders from store.', 'active'),
(95, 'Vision.Stocks.Edit_stocks', 'Edit and delete shop stocks.', 'active'),
(96, 'Vision.Stocks.Receive_payment', 'Receive supplier payments for stocks bought.', 'active'),
(97, 'Vision.Stocks.View', 'View shop stocks and orders.', 'active'),
(98, 'Vision.Stocks.Manage', 'Manage shop stocks and shop orders.', 'active'),
(99, 'Vision.Expenses.Create_expenses', 'Can create expenses.', 'active'),
(100, 'Vision.Expenses.Edit_expenses', 'Can edit and delete expenses.', 'active'),
(101, 'Vision.Expenses.Delete_expense', 'Can delete expenses.', 'active'),
(102, 'Vision.Expenses.View', 'Can view expenses.', 'active'),
(103, 'Permissions.Supervisor.Manage', 'To manage the access control permissions for the supervisor role.', 'active'),
(104, 'Permissions.Cashier.Manage', 'To manage the access control permissions for the Cashier role.', 'active'),
(105, 'Vision.General.Sales_billing', 'Receive payment for sales sales.', 'active'),
(106, 'Vision.General.Approve_stocks', 'Approve Receiving of stock for sales.', 'active');

-- --------------------------------------------------------

--
-- Table structure for table `bf_roles`
--

DROP TABLE IF EXISTS `bf_roles`;
CREATE TABLE IF NOT EXISTS `bf_roles` (
  `role_id` int NOT NULL AUTO_INCREMENT,
  `role_name` varchar(60) NOT NULL,
  `description` varchar(255) DEFAULT NULL,
  `default` tinyint(1) NOT NULL DEFAULT '0',
  `can_delete` tinyint(1) NOT NULL DEFAULT '1',
  `login_destination` varchar(255) NOT NULL DEFAULT '/',
  `default_context` varchar(255) DEFAULT 'content',
  `deleted` int NOT NULL DEFAULT '0',
  PRIMARY KEY (`role_id`)
) ENGINE=MyISAM AUTO_INCREMENT=11 DEFAULT CHARSET=utf8;

--
-- Dumping data for table `bf_roles`
--

INSERT INTO `bf_roles` (`role_id`, `role_name`, `description`, `default`, `can_delete`, `login_destination`, `default_context`, `deleted`) VALUES
(1, 'Administrator', 'Has full control over every aspect of the site.', 0, 0, 'home', 'content', 0),
(2, 'Editor', 'Can handle day-to-day management, but does not have full power.', 0, 1, '', 'content', 0),
(4, 'User', 'This is the default user with access to login.', 1, 0, '', 'content', 0),
(6, 'Developer', 'Developers typically are the only ones that can access the developer tools. Otherwise identical to Administrators, at least until the site is handed off.', 0, 1, '', 'content', 0),
(7, 'Sales_Attendant', 'Sales attendant', 0, 0, '', 'content', 0),
(8, 'Manager', 'General Manager', 0, 0, '', 'content', 0),
(9, 'supervisor', 'Bakery management', 0, 0, '', 'content', 0),
(10, 'Cashier', 'Cashier', 0, 0, 'home/cashier', 'content', 0);

-- --------------------------------------------------------

--
-- Table structure for table `bf_role_permissions`
--

DROP TABLE IF EXISTS `bf_role_permissions`;
CREATE TABLE IF NOT EXISTS `bf_role_permissions` (
  `role_id` int NOT NULL,
  `permission_id` int NOT NULL,
  PRIMARY KEY (`role_id`,`permission_id`)
) ENGINE=MyISAM DEFAULT CHARSET=utf8;

--
-- Dumping data for table `bf_role_permissions`
--

INSERT INTO `bf_role_permissions` (`role_id`, `permission_id`) VALUES
(1, 2),
(1, 3),
(1, 4),
(1, 5),
(1, 6),
(1, 7),
(1, 8),
(1, 9),
(1, 10),
(1, 11),
(1, 12),
(1, 13),
(1, 14),
(1, 15),
(1, 16),
(1, 17),
(1, 18),
(1, 19),
(1, 20),
(1, 21),
(1, 23),
(1, 24),
(1, 26),
(1, 27),
(1, 28),
(1, 29),
(1, 30),
(1, 31),
(1, 32),
(1, 33),
(1, 34),
(1, 35),
(1, 36),
(1, 37),
(1, 38),
(1, 39),
(1, 40),
(1, 41),
(1, 42),
(1, 43),
(1, 44),
(1, 45),
(1, 48),
(1, 49),
(1, 50),
(1, 51),
(1, 52),
(1, 53),
(1, 54),
(1, 55),
(1, 56),
(1, 57),
(1, 58),
(1, 59),
(1, 60),
(1, 61),
(1, 62),
(1, 63),
(1, 64),
(1, 65),
(1, 66),
(1, 67),
(1, 68),
(1, 69),
(1, 70),
(1, 71),
(1, 72),
(1, 73),
(1, 74),
(1, 75),
(1, 76),
(1, 77),
(1, 78),
(1, 79),
(1, 80),
(1, 81),
(1, 82),
(1, 83),
(1, 84),
(1, 85),
(1, 86),
(1, 87),
(1, 88),
(1, 89),
(1, 90),
(1, 91),
(1, 92),
(1, 93),
(1, 94),
(1, 95),
(1, 96),
(1, 97),
(1, 98),
(1, 99),
(1, 100),
(1, 101),
(1, 102),
(1, 103),
(1, 104),
(1, 105),
(1, 106),
(2, 2),
(2, 3),
(6, 2),
(6, 3),
(6, 4),
(6, 5),
(6, 6),
(6, 7),
(6, 8),
(6, 9),
(6, 10),
(6, 11),
(6, 12),
(6, 13),
(6, 48),
(7, 85),
(7, 93),
(7, 94),
(7, 96),
(7, 97),
(8, 50),
(8, 51),
(8, 52),
(8, 53),
(8, 54),
(8, 55),
(8, 56),
(8, 57),
(8, 58),
(8, 59),
(8, 60),
(8, 61),
(8, 62),
(8, 63),
(8, 64),
(8, 65),
(8, 66),
(8, 67),
(8, 70),
(8, 71),
(8, 72),
(8, 73),
(8, 74),
(8, 75),
(8, 76),
(8, 77),
(8, 78),
(8, 79),
(8, 80),
(8, 81),
(8, 82),
(8, 83),
(8, 84),
(8, 86),
(8, 87),
(8, 88),
(8, 89),
(8, 90),
(8, 91),
(8, 92),
(8, 93),
(8, 94),
(8, 95),
(8, 96),
(8, 97),
(8, 98),
(8, 99),
(8, 100),
(8, 101),
(8, 102),
(8, 105),
(8, 106),
(9, 70),
(9, 93),
(9, 94),
(9, 95),
(9, 96),
(9, 97),
(9, 98),
(9, 106),
(10, 105);

-- --------------------------------------------------------

--
-- Table structure for table `bf_schema_version`
--

DROP TABLE IF EXISTS `bf_schema_version`;
CREATE TABLE IF NOT EXISTS `bf_schema_version` (
  `type` varchar(40) NOT NULL,
  `version` int NOT NULL DEFAULT '0',
  PRIMARY KEY (`type`)
) ENGINE=MyISAM DEFAULT CHARSET=utf8;

--
-- Dumping data for table `bf_schema_version`
--

INSERT INTO `bf_schema_version` (`type`, `version`) VALUES
('core', 43),
('catalog_', 1),
('setting_', 5),
('suppliers_', 1),
('clients_', 1),
('stores_', 1),
('distribution_', 1),
('stocks_', 1),
('expenses_', 1);

-- --------------------------------------------------------

--
-- Table structure for table `bf_sessions`
--

DROP TABLE IF EXISTS `bf_sessions`;
CREATE TABLE IF NOT EXISTS `bf_sessions` (
  `session_id` varchar(40) NOT NULL DEFAULT '0',
  `ip_address` varchar(45) NOT NULL DEFAULT '0',
  `user_agent` varchar(120) NOT NULL,
  `last_activity` int UNSIGNED NOT NULL DEFAULT '0',
  `user_data` text NOT NULL,
  PRIMARY KEY (`session_id`)
) ENGINE=MyISAM DEFAULT CHARSET=utf8;

-- --------------------------------------------------------

--
-- Table structure for table `bf_settings`
--

DROP TABLE IF EXISTS `bf_settings`;
CREATE TABLE IF NOT EXISTS `bf_settings` (
  `name` varchar(30) NOT NULL,
  `module` varchar(255) NOT NULL,
  `value` varchar(255) NOT NULL,
  PRIMARY KEY (`name`)
) ENGINE=MyISAM DEFAULT CHARSET=utf8;

--
-- Dumping data for table `bf_settings`
--

INSERT INTO `bf_settings` (`name`, `module`, `value`) VALUES
('site.title', 'core', 'Signal POS 3.0'),
('site.system_email', 'core', 'info@microvision.co.ke'),
('site.status', 'core', '1'),
('site.list_limit', 'core', '25'),
('site.show_profiler', 'core', '1'),
('site.show_front_profiler', 'core', '0'),
('auth.allow_register', 'core', '1'),
('auth.login_type', 'core', 'both'),
('auth.use_usernames', 'core', '1'),
('auth.allow_remember', 'core', '1'),
('auth.remember_length', 'core', '1209600'),
('auth.do_login_redirect', 'core', '1'),
('auth.use_extended_profile', 'core', '0'),
('sender_email', 'email', ''),
('protocol', 'email', 'mail'),
('mailpath', 'email', '/usr/sbin/sendmail'),
('smtp_host', 'email', ''),
('smtp_user', 'email', ''),
('smtp_pass', 'email', ''),
('smtp_port', 'email', ''),
('smtp_timeout', 'email', ''),
('mailtype', 'email', 'text'),
('site.languages', 'core', 'a:3:{i:0;s:7:\"english\";i:1;s:7:\"persian\";i:2;s:10:\"portuguese\";}'),
('auth.allow_name_change', 'core', '1'),
('auth.name_change_frequency', 'core', '1'),
('auth.name_change_limit', 'core', '1'),
('auth.password_min_length', 'core', '4'),
('auth.password_force_numbers', 'core', '0'),
('auth.password_force_symbols', 'core', '0'),
('auth.password_force_mixed_case', 'core', '0'),
('form_save', 'core.ui', 'ctrl+s/⌘+s'),
('goto_content', 'core.ui', 'alt+c'),
('auth.user_activation_method', 'core', '0'),
('auth.password_show_labels', 'core', '0'),
('password_iterations', 'users', '8'),
('site.offline_reason', 'core', ''),
('ext.street_name', 'core', ''),
('ext.country', 'core', 'US'),
('ext.state', 'core', ''),
('ext.type', 'core', 'small');

-- --------------------------------------------------------

--
-- Table structure for table `bf_users`
--

DROP TABLE IF EXISTS `bf_users`;
CREATE TABLE IF NOT EXISTS `bf_users` (
  `id` bigint UNSIGNED NOT NULL AUTO_INCREMENT,
  `role_id` int NOT NULL DEFAULT '4',
  `email` varchar(254) NOT NULL,
  `phone` varchar(20) DEFAULT NULL,
  `username` varchar(30) NOT NULL DEFAULT '',
  `password_hash` char(60) DEFAULT NULL,
  `reset_hash` varchar(40) DEFAULT NULL,
  `last_login` datetime DEFAULT NULL,
  `last_ip` varchar(45) NOT NULL DEFAULT '',
  `created_on` datetime DEFAULT NULL,
  `deleted` tinyint(1) NOT NULL DEFAULT '0',
  `reset_by` int DEFAULT NULL,
  `banned` tinyint(1) NOT NULL DEFAULT '0',
  `ban_message` varchar(255) DEFAULT NULL,
  `display_name` varchar(255) DEFAULT '',
  `display_name_changed` date DEFAULT NULL,
  `timezone` varchar(40) NOT NULL DEFAULT 'UM6',
  `language` varchar(20) NOT NULL DEFAULT 'english',
  `active` tinyint(1) NOT NULL DEFAULT '0',
  `activate_hash` varchar(40) NOT NULL DEFAULT '',
  `force_password_reset` tinyint(1) DEFAULT '0',
  PRIMARY KEY (`id`),
  KEY `email` (`email`)
) ENGINE=MyISAM AUTO_INCREMENT=18 DEFAULT CHARSET=utf8;

--
-- Dumping data for table `bf_users`
--

INSERT INTO `bf_users` (`id`, `role_id`, `email`, `phone`, `username`, `password_hash`, `reset_hash`, `last_login`, `last_ip`, `created_on`, `deleted`, `reset_by`, `banned`, `ban_message`, `display_name`, `display_name_changed`, `timezone`, `language`, `active`, `activate_hash`, `force_password_reset`) VALUES
(1, 1, 'admin@mybonfire.com', NULL, 'admin', '$2a$08$tjwufGsWskFkjdLAr3TD9OEoOsL3UmogwDK..4u8TZeywGBWx1n9.', NULL, '2021-03-18 18:09:45', '::1', '2017-07-09 15:12:24', 0, NULL, 0, NULL, 'admin', NULL, 'UM6', 'english', 1, '', 0),
(2, 7, 'info@microvision.co.ke', '02583', 'sales', '$2a$08$8hoDZn33zNCUxR..JP9FYu4gZFyGUsq9IK0Ai6PaAddgAl5hSAaIu', NULL, '2021-03-18 16:27:39', '::1', '2019-01-20 18:01:53', 0, NULL, 0, NULL, 'Sales Attendant', NULL, 'UP3', 'English', 0, '', 0),
(3, 8, 'manager@mail.com', '99', 'Manager', '$2a$08$5VkI455lZPKkXdINM1Orv.DWNhGCpe37uIIu.9YuICy1SqUuiVP6e', NULL, '2020-02-24 09:32:48', '127.0.0.1', '2019-01-20 19:20:47', 0, NULL, 0, NULL, 'Business Manager', NULL, 'UP3', 'English', 0, '', 0);

-- --------------------------------------------------------

--
-- Table structure for table `bf_user_cookies`
--

DROP TABLE IF EXISTS `bf_user_cookies`;
CREATE TABLE IF NOT EXISTS `bf_user_cookies` (
  `user_id` bigint UNSIGNED NOT NULL,
  `token` varchar(128) NOT NULL,
  `created_on` datetime NOT NULL,
  KEY `token` (`token`)
) ENGINE=MyISAM DEFAULT CHARSET=utf8;

-- --------------------------------------------------------

--
-- Table structure for table `bf_user_meta`
--

DROP TABLE IF EXISTS `bf_user_meta`;
CREATE TABLE IF NOT EXISTS `bf_user_meta` (
  `meta_id` int UNSIGNED NOT NULL AUTO_INCREMENT,
  `user_id` bigint UNSIGNED NOT NULL DEFAULT '0',
  `meta_key` varchar(255) NOT NULL DEFAULT '',
  `meta_value` text,
  PRIMARY KEY (`meta_id`)
) ENGINE=MyISAM AUTO_INCREMENT=5 DEFAULT CHARSET=utf8;

--
-- Dumping data for table `bf_user_meta`
--

INSERT INTO `bf_user_meta` (`meta_id`, `user_id`, `meta_key`, `meta_value`) VALUES
(1, 9, 'state', ''),
(2, 9, 'country', 'US'),
(3, 1, 'state', ''),
(4, 1, 'country', 'US');

-- --------------------------------------------------------

--
-- Table structure for table `bf_vision_bills`
--

DROP TABLE IF EXISTS `bf_vision_bills`;
CREATE TABLE IF NOT EXISTS `bf_vision_bills` (
  `id` int NOT NULL AUTO_INCREMENT,
  `user_id` int NOT NULL,
  `bill_alias` text,
  `payment_option` int DEFAULT NULL COMMENT '1:cash, 2:mpesa, 3:credit, 4: cheque, 5:debit-card, 6:cheque',
  `billed_by` int DEFAULT NULL,
  `billing_time` datetime DEFAULT NULL,
  `cleared_on` datetime DEFAULT NULL,
  `bill_type` tinyint NOT NULL DEFAULT '1' COMMENT '1-Normal 2-Corporated 3-Distributor',
  `sale_type` tinyint NOT NULL DEFAULT '0' COMMENT '0: current sale, 1:old receipted sale',
  `manual_receipt` varchar(15) DEFAULT NULL,
  `client_id` int NOT NULL DEFAULT '0' COMMENT 'also stores bill id for distributor orders, sales type 3',
  `status` tinyint NOT NULL COMMENT '0:deleted,1:active,2:paid,3:debt,4:reactivated',
  `created_on` datetime NOT NULL,
  `created_by` int NOT NULL,
  `modified_on` datetime DEFAULT NULL,
  `modified_by` int DEFAULT NULL,
  PRIMARY KEY (`id`)
) ENGINE=InnoDB AUTO_INCREMENT=6435 DEFAULT CHARSET=latin1 COMMENT='Handles bills';

-- --------------------------------------------------------

--
-- Table structure for table `bf_vision_bill_payments`
--

DROP TABLE IF EXISTS `bf_vision_bill_payments`;
CREATE TABLE IF NOT EXISTS `bf_vision_bill_payments` (
  `id` int NOT NULL AUTO_INCREMENT,
  `bill_id` int NOT NULL,
  `amount` double NOT NULL,
  `payment_option` tinyint NOT NULL,
  `created_on` datetime NOT NULL,
  `created_by` int NOT NULL,
  `modified_on` datetime DEFAULT NULL,
  `modified_by` int DEFAULT NULL,
  PRIMARY KEY (`id`)
) ENGINE=InnoDB DEFAULT CHARSET=latin1 COMMENT='For Split bill payments';

-- --------------------------------------------------------

--
-- Table structure for table `bf_vision_business_profile`
--

DROP TABLE IF EXISTS `bf_vision_business_profile`;
CREATE TABLE IF NOT EXISTS `bf_vision_business_profile` (
  `id` tinyint NOT NULL AUTO_INCREMENT,
  `name` text NOT NULL,
  `vat_no` varchar(20) DEFAULT NULL,
  `pin_no` varchar(20) DEFAULT NULL,
  `address` text,
  `phone` varchar(50) DEFAULT NULL,
  `slogan` text,
  `created_on` datetime NOT NULL,
  `created_by` int NOT NULL,
  `modified_on` datetime DEFAULT NULL,
  `modified_by` int DEFAULT NULL,
  PRIMARY KEY (`id`)
) ENGINE=MyISAM AUTO_INCREMENT=2 DEFAULT CHARSET=latin1;

--
-- Dumping data for table `bf_vision_business_profile`
--

INSERT INTO `bf_vision_business_profile` (`id`, `name`, `vat_no`, `pin_no`, `address`, `phone`, `slogan`, `created_on`, `created_by`, `modified_on`, `modified_by`) VALUES
(1, 'NYALENDA HARDWARE & STEEL', '1111111', 'P051095381', 'Dealers in: General Hardware,Building and Plumbing Materials ', '0776250482', 'Goods once Sold are not Returnable or Refundable', '2019-02-01 00:00:00', 1, '2020-02-26 16:47:32', 1);

-- --------------------------------------------------------

--
-- Table structure for table `bf_vision_corporate_bills`
--

DROP TABLE IF EXISTS `bf_vision_corporate_bills`;
CREATE TABLE IF NOT EXISTS `bf_vision_corporate_bills` (
  `id` int NOT NULL AUTO_INCREMENT,
  `bill_id` int NOT NULL,
  `client_id` int NOT NULL,
  `client_name` varchar(50) DEFAULT NULL COMMENT 'Person who is picking up the goods',
  `client_number` varchar(50) DEFAULT NULL,
  `is_beneficiary` tinyint NOT NULL,
  `status` tinyint NOT NULL,
  `created_on` datetime NOT NULL,
  `created_by` int NOT NULL,
  `modified_on` datetime DEFAULT NULL,
  `modified_by` int DEFAULT NULL,
  PRIMARY KEY (`id`)
) ENGINE=InnoDB DEFAULT CHARSET=utf8 COMMENT='corporate bills';

-- --------------------------------------------------------

--
-- Table structure for table `bf_vision_corporate_clients`
--

DROP TABLE IF EXISTS `bf_vision_corporate_clients`;
CREATE TABLE IF NOT EXISTS `bf_vision_corporate_clients` (
  `id` int NOT NULL AUTO_INCREMENT,
  `name` varchar(50) NOT NULL,
  `contact_person` varchar(50) NOT NULL,
  `phone` varchar(50) NOT NULL,
  `address` varchar(50) DEFAULT NULL,
  `credit_limit` double NOT NULL,
  `pricing_factor` int NOT NULL DEFAULT '0' COMMENT 'A percentage for inflating product prices',
  `discount` int NOT NULL DEFAULT '0' COMMENT 'A percentage of the discount rendered',
  `opening_balance` double NOT NULL DEFAULT '0',
  `client_type` tinyint NOT NULL COMMENT '1-Pre paid  2--Post Paid',
  `status` tinyint NOT NULL,
  `created_on` datetime NOT NULL,
  `created_by` int NOT NULL,
  `modified_on` datetime DEFAULT NULL,
  `modified_by` int DEFAULT NULL,
  PRIMARY KEY (`id`)
) ENGINE=MyISAM AUTO_INCREMENT=3 DEFAULT CHARSET=utf8 COMMENT='Corporate Clients';

-- --------------------------------------------------------

--
-- Table structure for table `bf_vision_corporate_client_transactions`
--

DROP TABLE IF EXISTS `bf_vision_corporate_client_transactions`;
CREATE TABLE IF NOT EXISTS `bf_vision_corporate_client_transactions` (
  `id` int NOT NULL AUTO_INCREMENT,
  `client_id` int NOT NULL,
  `transaction_no` varchar(20) DEFAULT NULL,
  `amount` double NOT NULL,
  `transaction_type` tinyint NOT NULL COMMENT '1:debit, 2:credit',
  `created_on` datetime NOT NULL,
  `created_by` int NOT NULL,
  `modified_on` datetime DEFAULT NULL,
  `modified_by` int DEFAULT NULL,
  PRIMARY KEY (`id`)
) ENGINE=MyISAM AUTO_INCREMENT=70 DEFAULT CHARSET=latin1;

-- --------------------------------------------------------

--
-- Table structure for table `bf_vision_corporate_invoices`
--

DROP TABLE IF EXISTS `bf_vision_corporate_invoices`;
CREATE TABLE IF NOT EXISTS `bf_vision_corporate_invoices` (
  `id` int NOT NULL AUTO_INCREMENT,
  `client_id` int NOT NULL,
  `start_date` datetime NOT NULL,
  `end_date` datetime NOT NULL,
  `amount` double NOT NULL,
  `payment_date` datetime NOT NULL,
  `status` tinyint NOT NULL,
  `created_on` datetime NOT NULL,
  `created_by` int NOT NULL,
  `modified_on` datetime DEFAULT NULL,
  `modified_by` int DEFAULT NULL,
  PRIMARY KEY (`id`)
) ENGINE=InnoDB DEFAULT CHARSET=utf8 COMMENT='Generated corporated invoices containing various bills over time';

-- --------------------------------------------------------

--
-- Table structure for table `bf_vision_distributors`
--

DROP TABLE IF EXISTS `bf_vision_distributors`;
CREATE TABLE IF NOT EXISTS `bf_vision_distributors` (
  `id` int NOT NULL AUTO_INCREMENT,
  `name` text NOT NULL,
  `phone` varchar(30) DEFAULT NULL,
  `type` tinyint NOT NULL COMMENT '1:salaried, 2: comission',
  `status` tinyint NOT NULL COMMENT '1:active, 0:inactive',
  `created_on` datetime NOT NULL,
  `created_by` int NOT NULL,
  `modified_on` datetime DEFAULT NULL,
  `modified_by` int DEFAULT NULL,
  PRIMARY KEY (`id`)
) ENGINE=MyISAM DEFAULT CHARSET=latin1;

-- --------------------------------------------------------

--
-- Table structure for table `bf_vision_distributor_orders`
--

DROP TABLE IF EXISTS `bf_vision_distributor_orders`;
CREATE TABLE IF NOT EXISTS `bf_vision_distributor_orders` (
  `id` int NOT NULL AUTO_INCREMENT,
  `issuing_date` datetime NOT NULL,
  `comments` text,
  `distributor_id` int DEFAULT NULL,
  `status` int NOT NULL DEFAULT '1' COMMENT '0:deleted, 1:active, 2:submitted, 3:reconcilled',
  `created_on` datetime NOT NULL,
  `created_by` int NOT NULL,
  `modified_on` datetime DEFAULT NULL,
  `modified_by` int DEFAULT NULL,
  PRIMARY KEY (`id`)
) ENGINE=MyISAM DEFAULT CHARSET=latin1;

-- --------------------------------------------------------

--
-- Table structure for table `bf_vision_distributor_order_items`
--

DROP TABLE IF EXISTS `bf_vision_distributor_order_items`;
CREATE TABLE IF NOT EXISTS `bf_vision_distributor_order_items` (
  `id` int NOT NULL AUTO_INCREMENT,
  `order_id` int NOT NULL,
  `product_id` int NOT NULL,
  `selling_price` float NOT NULL,
  `issued_qty` float NOT NULL,
  `returned_qty` float DEFAULT NULL,
  `created_by` int NOT NULL,
  `created_on` datetime NOT NULL,
  `modified_by` int DEFAULT NULL,
  `modified_on` datetime DEFAULT NULL,
  PRIMARY KEY (`id`)
) ENGINE=MyISAM DEFAULT CHARSET=latin1;

-- --------------------------------------------------------

--
-- Table structure for table `bf_vision_distributor_transactions`
--

DROP TABLE IF EXISTS `bf_vision_distributor_transactions`;
CREATE TABLE IF NOT EXISTS `bf_vision_distributor_transactions` (
  `id` int NOT NULL AUTO_INCREMENT,
  `distributor_id` int NOT NULL,
  `transaction_type` tinyint NOT NULL COMMENT '1:debit, 2:credit',
  `amount` double NOT NULL,
  `created_on` datetime NOT NULL,
  `created_by` int NOT NULL,
  `modified_on` datetime DEFAULT NULL,
  `modified_by` int DEFAULT NULL,
  PRIMARY KEY (`id`)
) ENGINE=MyISAM DEFAULT CHARSET=latin1;

-- --------------------------------------------------------

--
-- Table structure for table `bf_vision_expenses`
--

DROP TABLE IF EXISTS `bf_vision_expenses`;
CREATE TABLE IF NOT EXISTS `bf_vision_expenses` (
  `id` int NOT NULL AUTO_INCREMENT,
  `category_id` int NOT NULL,
  `account_id` int NOT NULL,
  `received_by` text,
  `expense_date` datetime NOT NULL,
  `comments` text,
  `amount` double NOT NULL,
  `type` tinyint NOT NULL DEFAULT '1' COMMENT '1:expense, 2:deposit',
  `created_on` datetime NOT NULL,
  `created_by` int NOT NULL,
  `modified_on` datetime DEFAULT NULL,
  `modified_by` int DEFAULT NULL,
  PRIMARY KEY (`id`)
) ENGINE=InnoDB DEFAULT CHARSET=utf8;

-- --------------------------------------------------------

--
-- Table structure for table `bf_vision_expense_accounts`
--

DROP TABLE IF EXISTS `bf_vision_expense_accounts`;
CREATE TABLE IF NOT EXISTS `bf_vision_expense_accounts` (
  `id` int NOT NULL AUTO_INCREMENT,
  `name` varchar(50) DEFAULT NULL,
  `status` tinyint DEFAULT NULL,
  `created_on` datetime NOT NULL,
  `created_by` int NOT NULL,
  `modified_on` datetime DEFAULT NULL,
  `modified_by` int DEFAULT NULL,
  PRIMARY KEY (`id`)
) ENGINE=InnoDB AUTO_INCREMENT=4 DEFAULT CHARSET=utf8;

--
-- Dumping data for table `bf_vision_expense_accounts`
--

INSERT INTO `bf_vision_expense_accounts` (`id`, `name`, `status`, `created_on`, `created_by`, `modified_on`, `modified_by`) VALUES
(1, 'Nyalenda Hardware', 1, '2019-02-06 00:00:00', 1, NULL, NULL),
(2, 'Club Kisses', 1, '2020-02-18 00:00:00', 1, NULL, NULL),
(3, 'Office Expenses', 1, '2020-02-18 00:00:00', 1, NULL, NULL);

-- --------------------------------------------------------

--
-- Table structure for table `bf_vision_expense_category`
--

DROP TABLE IF EXISTS `bf_vision_expense_category`;
CREATE TABLE IF NOT EXISTS `bf_vision_expense_category` (
  `id` int NOT NULL AUTO_INCREMENT,
  `name` varchar(50) NOT NULL,
  `status` tinyint NOT NULL,
  `created_on` datetime NOT NULL,
  `created_by` int NOT NULL,
  `modified_on` datetime DEFAULT NULL,
  `modified_by` int DEFAULT NULL,
  PRIMARY KEY (`id`)
) ENGINE=InnoDB AUTO_INCREMENT=9 DEFAULT CHARSET=utf8;

--
-- Dumping data for table `bf_vision_expense_category`
--

INSERT INTO `bf_vision_expense_category` (`id`, `name`, `status`, `created_on`, `created_by`, `modified_on`, `modified_by`) VALUES
(1, 'Transport', 1, '2019-02-06 00:00:00', 1, NULL, NULL),
(2, 'Maintenance', 1, '2019-02-06 00:00:00', 1, NULL, NULL),
(3, 'Salaries/Wages', 1, '2019-02-06 00:00:00', 1, NULL, NULL),
(4, 'Purchases', 1, '2019-02-06 00:00:00', 1, NULL, NULL),
(5, 'Utilities', 1, '2019-02-06 00:00:00', 1, NULL, NULL),
(6, 'Office Expenses', 1, '2019-02-06 00:00:00', 1, NULL, NULL),
(7, 'Advertising', 1, '2019-02-06 00:00:00', 1, NULL, NULL),
(8, 'Employee Benefits Program', 1, '2019-02-06 00:00:00', 1, NULL, NULL);

-- --------------------------------------------------------

--
-- Table structure for table `bf_vision_payroll_items`
--

DROP TABLE IF EXISTS `bf_vision_payroll_items`;
CREATE TABLE IF NOT EXISTS `bf_vision_payroll_items` (
  `id` int NOT NULL AUTO_INCREMENT,
  `name` char(50) NOT NULL,
  `type` tinyint NOT NULL COMMENT '1--Allowances 2--Expenses',
  `status` tinyint NOT NULL,
  `created_on` datetime NOT NULL,
  `created_by` int NOT NULL,
  `modified_on` datetime DEFAULT NULL,
  `modified_by` int DEFAULT NULL,
  PRIMARY KEY (`id`)
) ENGINE=InnoDB DEFAULT CHARSET=utf8;

-- --------------------------------------------------------

--
-- Table structure for table `bf_vision_payroll_salaryperiods`
--

DROP TABLE IF EXISTS `bf_vision_payroll_salaryperiods`;
CREATE TABLE IF NOT EXISTS `bf_vision_payroll_salaryperiods` (
  `id` int NOT NULL AUTO_INCREMENT,
  `salary_month` int NOT NULL,
  `salary_year` year NOT NULL,
  `item_id` int NOT NULL,
  `amount` double NOT NULL,
  `created_on` datetime NOT NULL,
  `created_by` int NOT NULL,
  `modified_on` datetime DEFAULT NULL,
  `modified_by` int DEFAULT NULL,
  PRIMARY KEY (`id`)
) ENGINE=InnoDB DEFAULT CHARSET=utf8;

-- --------------------------------------------------------

--
-- Table structure for table `bf_vision_payroll_users`
--

DROP TABLE IF EXISTS `bf_vision_payroll_users`;
CREATE TABLE IF NOT EXISTS `bf_vision_payroll_users` (
  `id` int NOT NULL AUTO_INCREMENT,
  `user_id` int NOT NULL,
  `basic_pay` double NOT NULL,
  `employment_date` datetime NOT NULL,
  `created_on` datetime NOT NULL,
  `created_by` int NOT NULL,
  `modified_on` datetime DEFAULT NULL,
  `modified_by` int DEFAULT NULL,
  PRIMARY KEY (`id`)
) ENGINE=InnoDB DEFAULT CHARSET=utf8;

-- --------------------------------------------------------

--
-- Table structure for table `bf_vision_products`
--

DROP TABLE IF EXISTS `bf_vision_products`;
CREATE TABLE IF NOT EXISTS `bf_vision_products` (
  `id` int NOT NULL AUTO_INCREMENT,
  `product_name` varchar(50) NOT NULL,
  `dose` varchar(20) DEFAULT NULL,
  `category_id` int NOT NULL,
  `description` varchar(50) DEFAULT NULL,
  `trade_price` float DEFAULT NULL,
  `unit_id` int NOT NULL,
  `retail_price` double NOT NULL,
  `wholesale_price` double DEFAULT NULL,
  `distribution_price` float DEFAULT '0',
  `image_url` varchar(50) DEFAULT NULL,
  `reorder_level` int NOT NULL,
  `store_reorder` int DEFAULT NULL,
  `barcode` varchar(50) DEFAULT NULL,
  `isvatable` tinyint NOT NULL COMMENT '0--Not Vatable  1--Vatable',
  `status` tinyint NOT NULL COMMENT '0--Disabled     1--Active ',
  `created_on` datetime NOT NULL,
  `created_by` int NOT NULL,
  `modified_by` int DEFAULT NULL,
  `modified_date` datetime DEFAULT NULL,
  PRIMARY KEY (`id`)
) ENGINE=InnoDB AUTO_INCREMENT=521 DEFAULT CHARSET=latin1 COMMENT='Products table';

--
-- Dumping data for table `bf_vision_products`
--

INSERT INTO `bf_vision_products` (`id`, `product_name`, `dose`, `category_id`, `description`, `trade_price`, `unit_id`, `retail_price`, `wholesale_price`, `distribution_price`, `image_url`, `reorder_level`, `store_reorder`, `barcode`, `isvatable`, `status`, `created_on`, `created_by`, `modified_by`, `modified_date`) VALUES
(0, 'DISCOUNT', NULL, 0, 'DISCOUNT', NULL, 8, -1, -1, 0, NULL, 0, NULL, NULL, 0, 0, '2020-02-23 14:11:49', 1, NULL, NULL),
(2, 'ALU- ZINC RIDGES 2m 30G', NULL, 6, 'ALU- ZINC RIDGES 2m 30G', NULL, 8, 200, 200, 200, NULL, 0, 0, NULL, 1, 1, '2020-02-23 14:11:49', 1, NULL, NULL),
(3, 'D/Y10M', '', 7, 'D/Y10M', 630, 8, 680, 680, 650, NULL, 0, 0, NULL, 1, 1, '2020-02-23 14:11:49', 1, 10, '2020-11-09 08:39:50'),
(4, '1012HLD 30X45', NULL, 8, '1012HLD 30X45', NULL, 3, 900, 900, 900, NULL, 0, 0, NULL, 1, 1, '2020-02-23 14:11:49', 1, NULL, NULL),
(5, '1188HLD 30X45', NULL, 8, '1188HLD 30X45', NULL, 3, 900, 900, 900, NULL, 0, 0, NULL, 1, 1, '2020-02-23 14:11:49', 1, NULL, NULL),
(6, '9404 30X30', NULL, 8, '9404 30X30', NULL, 3, 850, 850, 850, NULL, 0, 0, NULL, 1, 1, '2020-02-23 14:11:49', 1, NULL, NULL),
(7, 'ABYSSINIA BARBED WIRE G16 480M ', '', 1, 'ABYSSINIA BARBED WIRE G16 480M ', 3300, 9, 3500, 3500, 3500, NULL, 0, 0, NULL, 1, 1, '2020-02-23 14:11:49', 1, 10, '2020-07-03 13:00:36'),
(8, 'ANGLE LINE 11/2X11/2X1.2MM', '', 7, 'ANGLE LINE 11/2X11/2X1.2MM', 1000, 8, 1080, 1050, 1050, NULL, 0, 0, NULL, 1, 1, '2020-02-23 14:11:49', 1, 10, '2020-04-16 11:52:57'),
(9, 'ANGLE LINE 3/4X3/4X1.2MM', '', 7, 'ANGLE LINE 3/4X3/4X1.2MM', 580, 8, 610, 610, 680, NULL, 0, 0, NULL, 1, 1, '2020-02-23 14:11:49', 1, 11, '2020-06-11 11:33:43'),
(10, 'WELD MESH LIGHT GAUGE', '', 7, 'WELDMESH', 380, 8, 450, 450, 600, NULL, 4, 0, NULL, 1, 1, '2020-02-23 14:11:49', 1, 10, '2020-04-17 11:08:03'),
(11, 'DAIMA IRON SHEET 3M 32G 11/3', '', 6, 'DAIMA SHEET', 585, 8, 650, 650, 0, NULL, 20, 0, NULL, 1, 1, '2020-02-23 14:11:49', 1, 10, '2020-05-23 16:05:16'),
(12, 'ASIAN TOILET', NULL, 5, 'ASIAN TOILET', NULL, 8, 1000, 1000, 1000, NULL, 0, 0, NULL, 1, 1, '2020-02-23 14:11:49', 1, NULL, NULL),
(13, 'AZED 32G 3MTR', NULL, 6, 'AZED 32G 3MTR', NULL, 8, 700, 700, 700, NULL, 0, 0, NULL, 1, 1, '2020-02-23 14:11:49', 1, NULL, NULL),
(14, 'GLADIATOR 1LTR', '', 3, 'GLADIATOR', 2280, 6, 2800, 2800, 700, NULL, 2, 0, NULL, 1, 1, '2020-02-23 14:11:49', 1, 10, '2020-05-30 17:00:55'),
(15, 'DEVAKI BARBED WIRE 16G 20KG 480 MTR', '', 1, 'DEVAKI BARBED WIRE 16G 20KG 480 MTR', 2900, 9, 3500, 3500, 3500, NULL, 0, 0, NULL, 1, 1, '2020-02-23 14:11:49', 1, 10, '2020-07-03 13:03:47'),
(16, 'DEVAKI BARBED WIRE 16G 25KG 610 MTR', NULL, 1, 'DEVAKI BARBED WIRE 16G 25KG 610 MTR', NULL, 9, 4500, 4500, 4500, NULL, 0, 0, NULL, 1, 1, '2020-02-23 14:11:49', 1, NULL, NULL),
(17, 'FARASI BARBED WIRE 16G 25KG 610 MTR', NULL, 1, 'FARASI BARBED WIRE 16G 25KG 610 MTR', NULL, 9, 4400, 4400, 4400, NULL, 0, 0, NULL, 1, 1, '2020-02-23 14:11:49', 1, NULL, NULL),
(18, 'ABYSSINIA BARBED WIRE 16G 25KG 610MTR ', NULL, 1, 'ABYSSINIA BARBED WIRE 16G 25KG 610MTR ', NULL, 9, 4500, 4500, 4500, NULL, 0, 0, NULL, 1, 1, '2020-02-23 14:11:49', 1, NULL, NULL),
(19, 'BAMBURI NGUVU CEMENT 50KG', '', 2, 'BAMBURI NGUVU CEMENT 50KG', 660, 1, 690, 690, 730, NULL, 0, 0, NULL, 1, 1, '2020-02-23 14:11:49', 1, 10, '2020-06-20 10:08:09'),
(20, 'BAMBURI TEMBO CEMENT 50KGS', '', 2, 'BAMBURI TEMBO CEMENT 50KGS', 575, 1, 620, 620, 630, NULL, 0, 0, NULL, 1, 1, '2020-02-23 14:11:49', 1, 10, '2020-07-03 13:01:18'),
(21, 'BASCO BLACK 1LTR', NULL, 4, 'BASCO BLACK 1LTR', NULL, 10, 250, 250, 250, NULL, 0, 0, NULL, 1, 1, '2020-02-23 14:11:49', 1, NULL, NULL),
(22, 'BASCO B/BLUE 1LTR', NULL, 4, 'BASCO B/BLUE 1LTR', NULL, 10, 250, 250, 250, NULL, 0, 0, NULL, 1, 1, '2020-02-23 14:11:49', 1, NULL, NULL),
(23, 'BASCO BLACK 1/2LTR', NULL, 4, 'BASCO BLACK 1/2LTR', NULL, 10, 150, 150, 150, NULL, 0, 0, NULL, 1, 1, '2020-02-23 14:11:49', 1, NULL, NULL),
(24, 'BASCO BLACK 1/4LTR', NULL, 4, 'BASCO BLACK 1/4LTR', NULL, 10, 100, 100, 100, NULL, 0, 0, NULL, 1, 1, '2020-02-23 14:11:49', 1, NULL, NULL),
(25, 'BASCO CREAM 1LTR', NULL, 4, 'BASCO CREAM 1LTR', NULL, 10, 250, 250, 250, NULL, 0, 0, NULL, 1, 1, '2020-02-23 14:11:49', 1, NULL, NULL),
(26, 'BASCO DEEP BLUE 1LTR', NULL, 4, 'BASCO DEEP BLUE 1LTR', NULL, 10, 250, 250, 250, NULL, 0, 0, NULL, 1, 1, '2020-02-23 14:11:49', 1, NULL, NULL),
(27, 'WHITE WASH 25KG-COASTA CALCIUM', '', 3, 'WHITE WSH', 600, 10, 630, 630, 850, NULL, 10, 0, NULL, 1, 1, '2020-02-23 14:11:49', 1, 10, '2020-05-28 10:48:55'),
(28, 'BASCO MATT GREY OXIDE 4LTR', '', 4, 'BASCO MATT GREY OXIDE 4LTR', 750, 10, 850, 850, 780, NULL, 0, 0, NULL, 1, 1, '2020-02-23 14:11:49', 1, 10, '2020-05-06 09:24:47'),
(29, 'BASCO MATT GREY OXIDE PREMIER 1/2LTR', NULL, 4, 'BASCO MATT GREY OXIDE PREMIER 1/2LTR', NULL, 10, 150, 150, 150, NULL, 0, 0, NULL, 1, 1, '2020-02-23 14:11:49', 1, NULL, NULL),
(30, 'BASCO MATT GREY OXIDE PREMIER 1LTR', NULL, 4, 'BASCO MATT GREY OXIDE PREMIER 1LTR', NULL, 10, 250, 250, 250, NULL, 0, 0, NULL, 1, 1, '2020-02-23 14:11:49', 1, NULL, NULL),
(31, 'BASCO RUBY RED 1/2 LTR', NULL, 4, 'BASCO RUBY RED 1/2 LTR', NULL, 10, 150, 150, 150, NULL, 0, 0, NULL, 1, 1, '2020-02-23 14:11:49', 1, NULL, NULL),
(32, 'BASCO WHITE 1/2 LTR', NULL, 4, 'BASCO WHITE 1/2 LTR', NULL, 10, 150, 150, 150, NULL, 0, 0, NULL, 1, 1, '2020-02-23 14:11:49', 1, NULL, NULL),
(33, 'BASCO WHITE 1/4 LTR', NULL, 4, 'BASCO WHITE 1/4 LTR', NULL, 10, 100, 100, 100, NULL, 0, 0, NULL, 1, 1, '2020-02-23 14:11:49', 1, NULL, NULL),
(34, 'BASCO WHITE 1LTR', NULL, 4, 'BASCO WHITE 1LTR', NULL, 10, 250, 250, 250, NULL, 0, 0, NULL, 1, 1, '2020-02-23 14:11:49', 1, NULL, NULL),
(35, 'BASIN PADESTAL DECORATED', NULL, 5, 'BASIN PADESTAL DECORATED', NULL, 8, 7500, 7500, 7500, NULL, 0, 0, NULL, 1, 1, '2020-02-23 14:11:49', 1, NULL, NULL),
(36, 'BINDING WIRE', NULL, 7, 'BINDING WIRE', NULL, 5, 150, 150, 150, NULL, 0, 0, NULL, 1, 1, '2020-02-23 14:11:49', 1, NULL, NULL),
(37, 'BINDING WIRE ROLL', '', 7, 'BINDING WIRE ROLL', 2800, 9, 3000, 3000, 3300, NULL, 0, 0, NULL, 1, 1, '2020-02-23 14:11:49', 1, 10, '2020-07-23 08:36:03'),
(38, 'BLACK OXIDE', NULL, 2, 'BLACK OXIDE', NULL, 5, 260, 260, 260, NULL, 0, 0, NULL, 1, 1, '2020-02-23 14:11:49', 1, NULL, NULL),
(39, 'BLACK PIPE 1X2.5mm', NULL, 7, 'BLACK PIPE 1X2.5mm', NULL, 8, 1450, 1450, 1450, NULL, 0, 0, NULL, 1, 1, '2020-02-23 14:11:49', 1, NULL, NULL),
(40, 'BLACK PIPE 11/2X2.5mm', NULL, 7, 'BLACK PIPE 11/2X2.5mm', NULL, 8, 2800, 2800, 2800, NULL, 0, 0, NULL, 1, 1, '2020-02-23 14:11:49', 1, NULL, NULL),
(41, 'BLACK PIPE 2\"X2.5mm', NULL, 7, 'BLACK PIPE 2\"X2.5mm', NULL, 8, 3000, 3000, 3000, NULL, 0, 0, NULL, 1, 1, '2020-02-23 14:11:49', 1, NULL, NULL),
(42, 'BLACK PIPE 3\"X2.5mm', NULL, 7, 'BLACK PIPE 3\"X2.5mm', NULL, 8, 4800, 4800, 4800, NULL, 0, 0, NULL, 1, 1, '2020-02-23 14:11:49', 1, NULL, NULL),
(43, 'BLACK POLYTHENE', NULL, 3, 'BLACK POLYTHENE', NULL, 6, 100, 100, 100, NULL, 0, 0, NULL, 1, 1, '2020-02-23 14:11:49', 1, NULL, NULL),
(44, 'Damp Proof Material (DPM)', '', 3, 'Damp Proof Material (DPM)', 2450, 9, 2800, 2800, 3300, NULL, 0, 0, NULL, 1, 1, '2020-02-23 14:11:49', 1, 10, '2020-07-23 08:36:40'),
(45, 'BLOCK BOARD 3/4', '', 3, 'BLOCK BOARD 3/4', 3150, 8, 3600, 3600, 3800, NULL, 0, 0, NULL, 1, 1, '2020-02-23 14:11:49', 1, 10, '2020-05-23 16:11:53'),
(46, 'BRC ROLL 610', NULL, 7, 'BRC ROLL 610', NULL, 8, 6500, 6500, 6500, NULL, 0, 0, NULL, 1, 1, '2020-02-23 14:11:49', 1, NULL, NULL),
(47, 'GLADIATOR 250ML', '', 3, 'GLADIATOR', 700, 8, 850, 850, 7000, NULL, 2, 0, NULL, 1, 1, '2020-02-23 14:11:49', 1, 10, '2020-05-30 17:03:18'),
(48, 'BUSH HINGIS 1\"', NULL, 7, 'BUSH HINGIS 1\"', NULL, 8, 60, 60, 60, NULL, 0, 0, NULL, 1, 1, '2020-02-23 14:11:49', 1, NULL, NULL),
(49, 'BUSH HINGIS 1 1/4\"', '', 7, 'BUSH HINGIS 1 1/4\"', 125, 8, 160, 160, 150, NULL, 0, 0, NULL, 1, 1, '2020-02-23 14:11:49', 1, 10, '2020-11-17 09:46:03'),
(50, 'BUSH HINGISH 3/4\"', NULL, 7, 'BUSH HINGISH 3/4\"', NULL, 8, 50, 50, 50, NULL, 0, 0, NULL, 1, 1, '2020-02-23 14:11:49', 1, NULL, NULL),
(51, 'BUTT HINGIS 4\"', '', 7, 'BUTT HINGIS 4\"', 35, 8, 50, 50, 50, NULL, 0, 0, NULL, 1, 1, '2020-02-23 14:11:49', 1, 10, '2020-09-25 09:08:33'),
(52, 'CEILING NAILS/CLOT NAILS', NULL, 7, 'CEILING NAILS/CLOT NAILS', NULL, 5, 200, 200, 200, NULL, 0, 0, NULL, 1, 1, '2020-02-23 14:11:49', 1, NULL, NULL),
(53, 'CENTRE FITTING', NULL, 7, 'CENTRE FITTING', NULL, 8, 10, 10, 10, NULL, 0, 0, NULL, 1, 1, '2020-02-23 14:11:49', 1, NULL, NULL),
(54, 'CHAIN LINK ABBYSINIA 5 FEET', '', 7, 'CHAIN LINK ABBYSINIA 5 FEET', 2200, 9, 2400, 2400, 2600, NULL, 0, 0, NULL, 1, 1, '2020-02-23 14:11:49', 1, 11, '2020-06-11 11:35:45'),
(55, 'CHAIN LINK ABBYSINIA 6 FEET', NULL, 7, 'CHAIN LINK ABBYSINIA 6 FEET', NULL, 9, 2800, 2800, 2800, NULL, 0, 0, NULL, 1, 1, '2020-02-23 14:11:49', 1, NULL, NULL),
(56, 'CHEX IVORY BIG 20X30', NULL, 8, 'CHEX IVORY BIG 20X30', NULL, 3, 850, 850, 850, NULL, 0, 0, NULL, 1, 1, '2020-02-23 14:11:49', 1, NULL, NULL),
(57, 'MAROO B/BLUE 4LTRS', '', 4, 'B/BLUE', 670, 9, 750, 750, 2200, NULL, 5, 0, NULL, 1, 1, '2020-02-23 14:11:49', 1, 10, '2020-06-03 10:18:12'),
(58, 'CHICKEN WIRE 1X6FT', NULL, 3, 'CHICKEN WIRE 1X6FT', NULL, 9, 2500, 2500, 2500, NULL, 0, 0, NULL, 1, 1, '2020-02-23 14:11:49', 1, NULL, NULL),
(59, 'CHICKEN WIRE IN MTR 6 FT', NULL, 3, 'CHICKEN WIRE IN MTR 6 FT', NULL, 6, 130, 130, 130, NULL, 0, 0, NULL, 1, 1, '2020-02-23 14:11:49', 1, NULL, NULL),
(60, 'MAROO B/BLUE 1LTR', '', 4, 'MAROO B/BLUE', 210, 9, 250, 250, 1600, NULL, 5, 0, NULL, 1, 1, '2020-02-23 14:11:49', 1, 10, '2020-06-03 10:23:14'),
(61, 'CHIKEN WIRE 3FTX11/2 IMP', NULL, 3, 'CHIKEN WIRE 3FTX11/2 IMP', NULL, 9, 1600, 1600, 1600, NULL, 0, 0, NULL, 1, 1, '2020-02-23 14:11:49', 1, NULL, NULL),
(62, 'CHIKEN WIRE 3FTX11/2 IMP PER MTR', NULL, 3, 'CHIKEN WIRE 3FTX11/2 IMP PER MTR', NULL, 6, 130, 130, 130, NULL, 0, 0, NULL, 1, 1, '2020-02-23 14:11:49', 1, NULL, NULL),
(63, 'CHIKEN WIRE3FX3/4', NULL, 3, 'CHIKEN WIRE3FX3/4', NULL, 6, 130, 130, 130, NULL, 0, 0, NULL, 1, 1, '2020-02-23 14:11:49', 1, NULL, NULL),
(64, 'CHIKEN WIRE3FX3/4 ROLL', '', 3, 'CHIKEN WIRE3FX3/4 ROLL', 1500, 9, 1600, 1600, 1500, NULL, 0, 0, NULL, 1, 1, '2020-02-23 14:11:49', 1, 10, '2020-04-24 11:56:02'),
(65, 'CHIP BOARD 9MM PLAIN', '', 3, 'CHIP BOARD 9MM PLAIN', 850, 8, 1000, 1000, 1150, NULL, 0, 0, NULL, 1, 1, '2020-02-23 14:11:49', 1, 10, '2020-05-23 16:12:53'),
(66, 'COFFY TRAY WIRE', NULL, 3, 'COFFY TRAY WIRE', NULL, 6, 200, 200, 200, NULL, 0, 0, NULL, 1, 1, '2020-02-23 14:11:49', 1, NULL, NULL),
(67, 'CONTRACTOR ADHESSIVE CEMENT', '', 2, 'CONTRACTOR ADHESSIVE CEMENT', 480, 1, 700, 700, 850, NULL, 0, 0, NULL, 1, 1, '2020-02-23 14:11:49', 1, 10, '2020-07-23 08:29:46'),
(68, 'CORNER WHB/BASIN', NULL, 5, 'CORNER WHB/BASIN', NULL, 8, 800, 800, 800, NULL, 0, 0, NULL, 1, 1, '2020-02-23 14:11:49', 1, NULL, NULL),
(69, 'MAROO BLACK GLOSS 1 LTR', '', 4, 'CROWN BRILLIANT WHITE EMULSION 20L', 210, 4, 250, 250, 2200, NULL, 5, 0, NULL, 1, 1, '2020-02-23 14:11:49', 1, 10, '2020-06-03 10:25:56'),
(70, 'CROWN BRILLIANT WHITE EMULSION 20L', NULL, 4, 'CROWN BRILLIANT WHITE EMULSION 20L', NULL, 4, 2200, 2200, 2200, NULL, 0, 0, NULL, 1, 1, '2020-02-23 14:11:49', 1, NULL, NULL),
(71, 'CROWN CREAM EMULSION 20L', NULL, 4, 'CROWN CREAM EMULSION 20L', NULL, 4, 2200, 2200, 2200, NULL, 0, 0, NULL, 1, 1, '2020-02-23 14:11:49', 1, NULL, NULL),
(72, 'CRYSTAL WOOD 60X60', NULL, 8, 'CRYSTAL WOOD 60X60', NULL, 3, 2200, 2200, 2200, NULL, 0, 0, NULL, 1, 1, '2020-02-23 14:11:49', 1, NULL, NULL),
(73, 'CUTTING DISK 7', NULL, 3, 'CUTTING DISK 7', NULL, 8, 150, 150, 150, NULL, 0, 0, NULL, 1, 1, '2020-02-23 14:11:49', 1, NULL, NULL),
(74, 'CUTTING DISK 9', NULL, 3, 'CUTTING DISK 9', NULL, 8, 250, 250, 250, NULL, 0, 0, NULL, 1, 1, '2020-02-23 14:11:49', 1, NULL, NULL),
(75, 'Y 8 mm', '', 7, 'Y 8 mm', 370, 8, 500, 500, 450, NULL, 0, 0, NULL, 1, 1, '2020-02-23 14:11:49', 1, 11, '2020-09-21 12:17:00'),
(76, 'Y12mm', '', 7, 'Y12mm', 950, 8, 1000, 1000, 880, NULL, 0, 0, NULL, 1, 1, '2020-02-23 14:11:49', 1, 10, '2020-09-29 09:59:15'),
(77, 'Y16mm', '', 7, 'Y16mm', 1650, 8, 1700, 1700, 1600, NULL, 0, 0, NULL, 1, 1, '2020-02-23 14:11:49', 1, 10, '2020-09-29 10:01:21'),
(78, 'DANI COAT EMULSION WHITE 4L', NULL, 4, 'DANI COAT EMULSION WHITE 4L', NULL, 10, 500, 500, 500, NULL, 0, 0, NULL, 1, 1, '2020-02-23 14:11:49', 1, NULL, NULL),
(79, 'DANI COAT GLOSS BLACK 4L', NULL, 4, 'DANI COAT GLOSS BLACK 4L', NULL, 10, 800, 800, 800, NULL, 0, 0, NULL, 1, 1, '2020-02-23 14:11:49', 1, NULL, NULL),
(80, 'DANI COAT GLOSS WHITE 4L', NULL, 4, 'DANI COAT GLOSS WHITE 4L', NULL, 10, 800, 800, 800, NULL, 0, 0, NULL, 1, 1, '2020-02-23 14:11:49', 1, NULL, NULL),
(81, 'DOWN FITTING', NULL, 7, 'DOWN FITTING', NULL, 8, 10, 10, 10, NULL, 0, 0, NULL, 1, 1, '2020-02-23 14:11:49', 1, NULL, NULL),
(82, 'DAMP PROOF COURSE DPC  7MTR', NULL, 3, 'DAMP PROOF COURSE DPC  7MTR', NULL, 9, 2700, 2700, 2700, NULL, 0, 0, NULL, 1, 1, '2020-02-23 14:11:49', 1, NULL, NULL),
(83, 'DRAWER HANDLE', NULL, 3, 'DRAWER HANDLE', NULL, 8, 180, 180, 180, NULL, 0, 0, NULL, 1, 1, '2020-02-23 14:11:49', 1, NULL, NULL),
(84, 'DUMU GCI 30G 11/3 3M', NULL, 6, 'DUMU GCI 30G 11/3 3M', NULL, 8, 880, 880, 880, NULL, 0, 0, NULL, 1, 1, '2020-02-23 14:11:49', 1, NULL, NULL),
(85, 'DUMU GCI 32G 3M 11/3', '', 6, 'DUMU GCI 32G 3M 11/3', 780, 8, 810, 810, 750, NULL, 0, 0, NULL, 1, 1, '2020-02-23 14:11:49', 1, 11, '2020-10-29 09:15:19'),
(86, 'DUMU RIDGE 30G', NULL, 6, 'DUMU RIDGE 30G', NULL, 8, 250, 250, 250, NULL, 0, 0, NULL, 1, 1, '2020-02-23 14:11:49', 1, NULL, NULL),
(87, 'EL-2002 30X45', NULL, 8, 'EL-2002 30X45', NULL, 3, 900, 900, 900, NULL, 0, 0, NULL, 1, 1, '2020-02-23 14:11:49', 1, NULL, NULL),
(88, 'EL-2007 30X45', NULL, 8, 'EL-2007 30X45', NULL, 3, 900, 900, 900, NULL, 0, 0, NULL, 1, 1, '2020-02-23 14:11:49', 1, NULL, NULL),
(89, 'EL-2008 30X45', NULL, 8, 'EL-2008 30X45', NULL, 3, 900, 900, 900, NULL, 0, 0, NULL, 1, 1, '2020-02-23 14:11:49', 1, NULL, NULL),
(90, 'EL-2061 30X45', NULL, 8, 'EL-2061 30X45', NULL, 3, 900, 900, 900, NULL, 0, 0, NULL, 1, 1, '2020-02-23 14:11:49', 1, NULL, NULL),
(91, 'EL-2062', '', 8, 'EL-2062', 700, 3, 900, 900, 970, NULL, 0, 0, NULL, 1, 1, '2020-02-23 14:11:49', 1, 10, '2020-08-04 09:39:06'),
(92, 'EL-24 30X45', NULL, 8, 'EL-24 30X45', NULL, 3, 900, 900, 900, NULL, 0, 0, NULL, 1, 1, '2020-02-23 14:11:49', 1, NULL, NULL),
(93, 'FLAT 2\"', NULL, 7, 'FLAT 2\"', NULL, 8, 800, 800, 800, NULL, 0, 0, NULL, 1, 1, '2020-02-23 14:11:49', 1, NULL, NULL),
(94, 'FLAT BAR 11/2 STD', '', 7, 'FLAT BAR 11/2 STD', 470, 8, 500, 500, 530, NULL, 0, 0, NULL, 1, 1, '2020-02-23 14:11:49', 1, 10, '2020-11-14 10:00:40'),
(95, 'FLAT BAR 3/4 X1/8 STD', '', 7, 'FLAT BAR 3/4 X1/8 STD', 280, 8, 310, 310, 350, NULL, 0, 0, NULL, 1, 1, '2020-02-23 14:11:49', 1, 10, '2020-11-07 15:22:30'),
(96, 'FUGA SKIM COAT', NULL, 3, 'FUGA SKIM COAT', NULL, 1, 1550, 1550, 1550, NULL, 0, 0, NULL, 1, 1, '2020-02-23 14:11:49', 1, NULL, NULL),
(97, 'GRINDING DISK 9', NULL, 3, 'GRINDING DISK 9', NULL, 8, 280, 280, 280, NULL, 0, 0, NULL, 1, 1, '2020-02-23 14:11:49', 1, NULL, NULL),
(98, 'GAUSE WIRE WHITE', NULL, 3, 'GAUSE WIRE WHITE', NULL, 6, 100, 100, 100, NULL, 0, 0, NULL, 1, 1, '2020-02-23 14:11:49', 1, NULL, NULL),
(99, 'MAROO DARK GREY 4LTRS', '', 4, 'MAROO DARK GREY', 670, 2, 750, 750, 2900, NULL, 5, 0, NULL, 1, 1, '2020-02-23 14:11:49', 1, 10, '2020-06-03 10:28:01'),
(100, 'MAROO EMULSION  PAINT CREAM 20LTRS', '', 4, 'MAROO EMULSION 20 LTRS', 1550, 2, 2000, 2000, 950, NULL, 5, 0, NULL, 1, 1, '2020-02-23 14:11:49', 1, 10, '2020-06-03 10:30:09'),
(101, 'WELDING ROD GOLDEN 2.25MM', NULL, 3, 'WELDING ROD GOLDEN 2.25MM', NULL, 5, 200, 200, 200, NULL, 0, 0, NULL, 1, 1, '2020-02-23 14:11:49', 1, NULL, NULL),
(102, 'WELDING ROD GOLDEN 3.25MM KG', NULL, 3, 'WELDING ROD GOLDEN 3.25MM KG', NULL, 5, 200, 200, 200, NULL, 0, 0, NULL, 1, 1, '2020-02-23 14:11:49', 1, NULL, NULL),
(103, 'GREEN FLEXIBLE ADHESSIVE CEMENT', NULL, 3, 'GREEN FLEXIBLE ADHESSIVE CEMENT', NULL, 1, 850, 850, 850, NULL, 0, 0, NULL, 1, 1, '2020-02-23 14:11:49', 1, NULL, NULL),
(104, 'GREEN OXIDE POWDER HIROC GERM', '', 3, 'GREEN OXIDE POWDER HIROC GERM', 300, 5, 350, 350, 280, NULL, 0, 0, NULL, 1, 1, '2020-02-23 14:11:49', 1, 11, '2020-09-17 12:30:07'),
(105, 'GREY OXIDE 1KG EXTENDER', '', 3, 'GREY OXIDE 1KG EXTENDER', 300, 7, 350, 350, 250, NULL, 0, 0, NULL, 1, 1, '2020-02-23 14:11:49', 1, 11, '2020-09-17 12:28:48'),
(106, 'GRINDING DISK 7', NULL, 3, 'GRINDING DISK 7', NULL, 8, 200, 200, 200, NULL, 0, 0, NULL, 1, 1, '2020-02-23 14:11:49', 1, NULL, NULL),
(107, 'HACKSAW  BLADE', NULL, 3, 'HACKSAW  BLADE', NULL, 8, 120, 120, 120, NULL, 0, 0, NULL, 1, 1, '2020-02-23 14:11:49', 1, NULL, NULL),
(108, 'HARMONY HIGH GLOSS BARMUDA BLUE 1 LTR', NULL, 4, 'HARMONY HIGH GLOSS BARMUDA BLUE 1 LTR', NULL, 10, 300, 300, 300, NULL, 0, 0, NULL, 1, 1, '2020-02-23 14:11:49', 1, NULL, NULL),
(109, 'HARMONY HIGH GLOSS BARMUDABLUE 4LTRS', NULL, 4, 'HARMONY HIGH GLOSS BARMUDABLUE 4LTRS', NULL, 10, 850, 850, 850, NULL, 0, 0, NULL, 1, 1, '2020-02-23 14:11:49', 1, NULL, NULL),
(110, 'HARMONY HIGH GLOSS BLACK 1LTR', NULL, 4, 'HARMONY HIGH GLOSS BLACK 1LTR', NULL, 10, 300, 300, 300, NULL, 0, 0, NULL, 1, 1, '2020-02-23 14:11:49', 1, NULL, NULL),
(111, 'HARMONY HIGH GLOSS CORNFLOWER 1LTR', NULL, 4, 'HARMONY HIGH GLOSS CORNFLOWER 1LTR', NULL, 10, 300, 300, 300, NULL, 0, 0, NULL, 1, 1, '2020-02-23 14:11:49', 1, NULL, NULL),
(112, 'HARMONY HIGH GLOSS CREAM 4LTRS', NULL, 4, 'HARMONY HIGH GLOSS CREAM 4LTRS', NULL, 10, 850, 850, 850, NULL, 0, 0, NULL, 1, 1, '2020-02-23 14:11:49', 1, NULL, NULL),
(113, 'HARMONY HIGH GLOSS SAFARICOM 1LTR', NULL, 4, 'HARMONY HIGH GLOSS SAFARICOM 1LTR', NULL, 10, 300, 300, 300, NULL, 0, 0, NULL, 1, 1, '2020-02-23 14:11:49', 1, NULL, NULL),
(114, 'HARMONY HIGH GLOSS UNIVERSAL UNDERCOAT 4LTR', NULL, 4, 'HARMONY HIGH GLOSS UNIVERSAL UNDERCOAT 4LTR', NULL, 10, 850, 850, 850, NULL, 0, 0, NULL, 1, 1, '2020-02-23 14:11:49', 1, NULL, NULL),
(115, 'HARMONY HIGH GLOSS WHITE 1LTR', NULL, 4, 'HARMONY HIGH GLOSS WHITE 1LTR', NULL, 10, 300, 300, 300, NULL, 0, 0, NULL, 1, 1, '2020-02-23 14:11:49', 1, NULL, NULL),
(116, 'HARMONY HIGH GLOSS WHITE 4LTR', NULL, 4, 'HARMONY HIGH GLOSS WHITE 4LTR', NULL, 10, 850, 850, 850, NULL, 0, 0, NULL, 1, 1, '2020-02-23 14:11:49', 1, NULL, NULL),
(117, 'HARMONY HIGH GLOSS WHITE UNDERCOAT 1 LTR', NULL, 4, 'HARMONY HIGH GLOSS WHITE UNDERCOAT 1 LTR', NULL, 10, 300, 300, 300, NULL, 0, 0, NULL, 1, 1, '2020-02-23 14:11:49', 1, NULL, NULL),
(118, 'HASP & STAPLES 3', NULL, 3, 'HASP & STAPLES 3', NULL, 8, 60, 60, 60, NULL, 0, 0, NULL, 1, 1, '2020-02-23 14:11:49', 1, NULL, NULL),
(119, 'HASP &STAPLES 21/2', NULL, 3, 'HASP &STAPLES 21/2', NULL, 8, 50, 50, 50, NULL, 0, 0, NULL, 1, 1, '2020-02-23 14:11:49', 1, NULL, NULL),
(120, 'HEAVY WELD MESH', NULL, 3, 'HEAVY WELD MESH', NULL, 8, 800, 800, 800, NULL, 0, 0, NULL, 1, 1, '2020-02-23 14:11:49', 1, NULL, NULL),
(121, 'HOSE PIPE ZIBRA 3/4 60FT', NULL, 3, 'HOSE PIPE ZIBRA 3/4 60FT', NULL, 9, 950, 950, 950, NULL, 0, 0, NULL, 1, 1, '2020-02-23 14:11:49', 1, NULL, NULL),
(122, 'HOSE PIPE CLEAR 3/4 60FT PER MTR', NULL, 3, 'HOSE PIPE CLEAR 3/4 60FT PER MTR', NULL, 6, 80, 80, 80, NULL, 0, 0, NULL, 1, 1, '2020-02-23 14:11:49', 1, NULL, NULL),
(123, 'HOSE PIPE CLEAR 3/4 60FT', NULL, 3, 'HOSE PIPE CLEAR 3/4 60FT', NULL, 9, 800, 800, 800, NULL, 0, 0, NULL, 1, 1, '2020-02-23 14:11:49', 1, NULL, NULL),
(124, 'HOSE PIPE ZEBRA 1/2 60FT PER MTR', NULL, 3, 'HOSE PIPE ZEBRA 1/2 60FT PER MTR', NULL, 6, 80, 80, 80, NULL, 0, 0, NULL, 1, 1, '2020-02-23 14:11:49', 1, NULL, NULL),
(125, 'HOSE PIPE ZIBRA 1/2 120FT', NULL, 3, 'HOSE PIPE ZIBRA 1/2 120FT', NULL, 9, 1250, 1250, 1250, NULL, 0, 0, NULL, 1, 1, '2020-02-23 14:11:49', 1, NULL, NULL),
(126, 'HOSE PIPE ZIBRA 1/2 120FT PER MTR', NULL, 3, 'HOSE PIPE ZIBRA 1/2 120FT PER MTR', NULL, 6, 80, 80, 80, NULL, 0, 0, NULL, 1, 1, '2020-02-23 14:11:49', 1, NULL, NULL),
(127, 'HOSE PIPE ZIBRA 1/2 60FT', NULL, 3, 'HOSE PIPE ZIBRA 1/2 60FT', NULL, 9, 600, 600, 600, NULL, 0, 0, NULL, 1, 1, '2020-02-23 14:11:49', 1, NULL, NULL),
(128, 'HOSE PIPE ZIBRA 3/4 120FT', NULL, 3, 'HOSE PIPE ZIBRA 3/4 120FT', NULL, 9, 1850, 1850, 1850, NULL, 0, 0, NULL, 1, 1, '2020-02-23 14:11:49', 1, NULL, NULL),
(129, 'HOSE PIPE ZIBRA 3/4 120FT PER MTR', NULL, 3, 'HOSE PIPE ZIBRA 3/4 120FT PER MTR', NULL, 6, 80, 80, 80, NULL, 0, 0, NULL, 1, 1, '2020-02-23 14:11:49', 1, NULL, NULL),
(130, 'HOSE PIPE ZIBRA 3/4 60FT PER MTR', NULL, 3, 'HOSE PIPE ZIBRA 3/4 60FT PER MTR', NULL, 6, 80, 80, 80, NULL, 0, 0, NULL, 1, 1, '2020-02-23 14:11:49', 1, NULL, NULL),
(131, 'IZOMIX BLUE ADHESSIVE CEMENT', '', 3, 'IZOMIX BLUE ADHESSIVE CEMENT', 390, 7, 700, 700, 850, NULL, 0, 0, NULL, 1, 1, '2020-02-23 14:11:49', 1, 10, '2020-11-17 08:18:09'),
(132, 'JUAKALI WHEELBARROW', NULL, 3, 'JUAKALI WHEELBARROW', NULL, 8, 2500, 2500, 2500, NULL, 0, 0, NULL, 1, 1, '2020-02-23 14:11:49', 1, NULL, NULL),
(133, 'MAISHA ALU-ZINC 30G X3MTR', NULL, 6, 'MAISHA ALU-ZINC 30G X3MTR', NULL, 8, 800, 800, 800, NULL, 0, 0, NULL, 1, 1, '2020-02-23 14:11:49', 1, NULL, NULL),
(134, 'MAISHA ALU-ZINC 32GX2.5MTR', '', 6, 'MAISHA ALU-ZINC 32GX2.5MTR', 587, 8, 650, 650, 600, NULL, 0, 0, NULL, 1, 1, '2020-02-23 14:11:49', 1, 11, '2020-10-08 10:52:58'),
(135, 'MAISHA ALU-ZINC 32GX2MTR', NULL, 6, 'MAISHA ALU-ZINC 32GX2MTR', NULL, 8, 480, 480, 480, NULL, 0, 0, NULL, 1, 1, '2020-02-23 14:11:49', 1, NULL, NULL),
(136, 'MAISHA ALU-ZINC 32GX3MTR', '', 6, 'MAISHA ALU-ZINC 32GX3MTR', 685, 8, 720, 720, 700, NULL, 0, 0, NULL, 1, 1, '2020-02-23 14:11:49', 1, 11, '2020-09-21 12:18:53'),
(137, 'MAISHA RED COLORED 2.5M 30G', NULL, 6, 'MAISHA RED COLORED 2.5M 30G', NULL, 8, 880, 880, 880, NULL, 0, 0, NULL, 1, 1, '2020-02-23 14:11:49', 1, NULL, NULL),
(138, 'MAISHA RED COLORED BRICK RED 30G 3M 11/3', NULL, 6, 'MAISHA RED COLORED BRICK RED 30G 3M 11/3', NULL, 8, 1100, 1100, 1100, NULL, 0, 0, NULL, 1, 1, '2020-02-23 14:11:49', 1, NULL, NULL),
(139, 'MAISHA COLORED BLUE 30G 2.5M 11/3', NULL, 6, 'MAISHA COLORED BLUE 30G 2.5M 11/3', NULL, 8, 880, 880, 880, NULL, 0, 0, NULL, 1, 1, '2020-02-23 14:11:49', 1, NULL, NULL),
(140, 'MAISHA COLORED BLUE 30G 2M 11/3', '', 6, 'MAISHA COLORED BLUE 30G 2M 11/3', 680, 8, 720, 720, 700, NULL, 0, 0, NULL, 1, 1, '2020-02-23 14:11:49', 1, 11, '2020-09-08 16:02:59'),
(141, 'MAISHA COLORED BLUE 30G 3M 11/3', NULL, 6, 'MAISHA COLORED BLUE 30G 3M 11/3', NULL, 8, 1100, 1100, 1100, NULL, 0, 0, NULL, 1, 1, '2020-02-23 14:11:49', 1, NULL, NULL),
(142, 'MAISHA COLORED BOX 2.5M 30G BLUE', NULL, 6, 'MAISHA COLORED BOX 2.5M 30G BLUE', NULL, 8, 880, 880, 880, NULL, 0, 0, NULL, 1, 1, '2020-02-23 14:11:49', 1, NULL, NULL),
(143, 'MAISHA COLORED BOX 2.5M 30G GREEN', NULL, 6, 'MAISHA COLORED BOX 2.5M 30G GREEN', NULL, 8, 880, 880, 880, NULL, 0, 0, NULL, 1, 1, '2020-02-23 14:11:49', 1, NULL, NULL),
(144, 'MAISHA COLORED BOX 3M 30G B/RED', NULL, 6, 'MAISHA COLORED BOX 3M 30G B/RED', NULL, 8, 1100, 1100, 1100, NULL, 0, 0, NULL, 1, 1, '2020-02-23 14:11:49', 1, NULL, NULL),
(145, 'MAISHA COLORED BOX 3M 30G BLUE', NULL, 6, 'MAISHA COLORED BOX 3M 30G BLUE', NULL, 8, 1100, 1100, 1100, NULL, 0, 0, NULL, 1, 1, '2020-02-23 14:11:49', 1, NULL, NULL),
(146, 'MAISHA COLORED BOX 3M 30G GREEN', NULL, 6, 'MAISHA COLORED BOX 3M 30G GREEN', NULL, 8, 1100, 1100, 1100, NULL, 0, 0, NULL, 1, 1, '2020-02-23 14:11:49', 1, NULL, NULL),
(147, 'MAISHA COLORED BRICK RED 30G 2.5M 11\\3', NULL, 6, 'MAISHA COLORED BRICK RED 30G 2.5M 11\\3', NULL, 8, 880, 880, 880, NULL, 0, 0, NULL, 1, 1, '2020-02-23 14:11:49', 1, NULL, NULL),
(148, 'MAISHA COLORED GREEN 30G 3M 11/3', NULL, 6, 'MAISHA COLORED GREEN 30G 3M 11/3', NULL, 8, 1100, 1100, 1100, NULL, 0, 0, NULL, 1, 1, '2020-02-23 14:11:49', 1, NULL, NULL),
(149, 'MAISHA RIDGE 30G B/RED', NULL, 6, 'MAISHA RIDGE 30G B/RED', NULL, 8, 400, 400, 400, NULL, 0, 0, NULL, 1, 1, '2020-02-23 14:11:49', 1, NULL, NULL),
(150, 'MAISHA RIDGISH 30G BLUE', NULL, 6, 'MAISHA RIDGISH 30G BLUE', NULL, 8, 400, 400, 400, NULL, 0, 0, NULL, 1, 1, '2020-02-23 14:11:49', 1, NULL, NULL),
(151, 'MAISHA RIDGISH 30G GREEN', NULL, 6, 'MAISHA RIDGISH 30G GREEN', NULL, 8, 400, 400, 400, NULL, 0, 0, NULL, 1, 1, '2020-02-23 14:11:49', 1, NULL, NULL),
(152, 'MAROO EMULSION  WHITE 20LTRS', '', 4, 'MAROO GLOSS WHITE ', 1550, 10, 2000, 2000, 300, NULL, 1, 0, NULL, 1, 1, '2020-02-23 14:11:49', 1, 10, '2020-06-03 10:32:33'),
(153, 'MAROO GLOSS CREAM 1LTR', NULL, 4, 'MAROO GLOSS CREAM 1LTR', NULL, 10, 300, 300, 300, NULL, 0, 0, NULL, 1, 1, '2020-02-23 14:11:49', 1, NULL, NULL),
(154, 'MAROO GREY 4LITRES', NULL, 4, 'MAROO GREY 4LITRES', NULL, 10, 850, 850, 850, NULL, 0, 0, NULL, 1, 1, '2020-02-23 14:11:49', 1, NULL, NULL),
(155, 'MAROO GREY PRIMER 1/2 LTR', NULL, 4, 'MAROO GREY PRIMER 1/2 LTR', NULL, 10, 180, 180, 180, NULL, 0, 0, NULL, 1, 1, '2020-02-23 14:11:49', 1, NULL, NULL),
(156, 'MAROO ROOF BLUE 1LTR', NULL, 4, 'MAROO ROOF BLUE 1LTR', NULL, 10, 350, 350, 350, NULL, 0, 0, NULL, 1, 1, '2020-02-23 14:11:49', 1, NULL, NULL),
(157, 'MAROO ROOF BLUE 4LTRS', NULL, 4, 'MAROO ROOF BLUE 4LTRS', NULL, 10, 900, 900, 900, NULL, 0, 0, NULL, 1, 1, '2020-02-23 14:11:49', 1, NULL, NULL),
(158, 'MAROO ROOF GREEN 1LTR', NULL, 4, 'MAROO ROOF GREEN 1LTR', NULL, 10, 400, 400, 400, NULL, 0, 0, NULL, 1, 1, '2020-02-23 14:11:49', 1, NULL, NULL),
(159, 'MAROO ROOF GREEN 4LTRS', NULL, 4, 'MAROO ROOF GREEN 4LTRS', NULL, 10, 900, 900, 900, NULL, 0, 0, NULL, 1, 1, '2020-02-23 14:11:49', 1, NULL, NULL),
(160, 'MAROO ROOF RED 1LTR', NULL, 4, 'MAROO ROOF RED 1LTR', NULL, 10, 350, 350, 350, NULL, 0, 0, NULL, 1, 1, '2020-02-23 14:11:49', 1, NULL, NULL),
(161, 'MAROO ROOF SEALER 1KG', NULL, 3, 'MAROO ROOF SEALER 1KG', NULL, 10, 250, 250, 250, NULL, 0, 0, NULL, 1, 1, '2020-02-23 14:11:49', 1, NULL, NULL),
(162, 'MAROO ROOF SEALER 300GM', NULL, 3, 'MAROO ROOF SEALER 300GM', NULL, 10, 130, 130, 130, NULL, 0, 0, NULL, 1, 1, '2020-02-23 14:11:49', 1, NULL, NULL),
(163, 'MDF CHERRY 2 SIDED 18MM', NULL, 3, 'MDF CHERRY 2 SIDED 18MM', NULL, 8, 3300, 3300, 3300, NULL, 0, 0, NULL, 1, 1, '2020-02-23 14:11:49', 1, NULL, NULL),
(164, 'MEASURING TAPE 3MTR', NULL, 3, 'MEASURING TAPE 3MTR', NULL, 8, 100, 100, 100, NULL, 0, 0, NULL, 1, 1, '2020-02-23 14:11:49', 1, NULL, NULL),
(165, 'MEASURING TAPE 5MTR', NULL, 3, 'MEASURING TAPE 5MTR', NULL, 8, 130, 130, 130, NULL, 0, 0, NULL, 1, 1, '2020-02-23 14:11:49', 1, NULL, NULL),
(166, 'MEASURING TAPE 7.5MTR', NULL, 3, 'MEASURING TAPE 7.5MTR', NULL, 8, 200, 200, 200, NULL, 0, 0, NULL, 1, 1, '2020-02-23 14:11:49', 1, NULL, NULL),
(167, 'MEASURING TAPE CLOTH 15MTR', NULL, 3, 'MEASURING TAPE CLOTH 15MTR', NULL, 8, 400, 400, 400, NULL, 0, 0, NULL, 1, 1, '2020-02-23 14:11:49', 1, NULL, NULL),
(168, 'MEASURING TAPE CLOTH 30MTR', NULL, 3, 'MEASURING TAPE CLOTH 30MTR', NULL, 8, 500, 500, 500, NULL, 0, 0, NULL, 1, 1, '2020-02-23 14:11:49', 1, NULL, NULL),
(169, 'MEDIUM WHB BLUE BASIN', NULL, 5, 'MEDIUM WHB BLUE BASIN', NULL, 8, 900, 900, 900, NULL, 0, 0, NULL, 1, 1, '2020-02-23 14:11:49', 1, NULL, NULL),
(170, 'MEDIUM WHB PINK BASIN', NULL, 5, 'MEDIUM WHB PINK BASIN', NULL, 8, 900, 900, 900, NULL, 0, 0, NULL, 1, 1, '2020-02-23 14:11:49', 1, NULL, NULL),
(171, 'MEDIUM WHB WHITE(BASIN)', NULL, 5, 'MEDIUM WHB WHITE(BASIN)', NULL, 8, 800, 800, 800, NULL, 0, 0, NULL, 1, 1, '2020-02-23 14:11:49', 1, NULL, NULL),
(172, 'METAL GRAYSOWECCO 4LTRS', NULL, 4, 'METAL GRAYSOWECCO 4LTRS', NULL, 10, 850, 850, 850, NULL, 0, 0, NULL, 1, 1, '2020-02-23 14:11:49', 1, NULL, NULL),
(173, 'MORTIS LOCK ALLU CHINA', NULL, 3, 'MORTIS LOCK ALLU CHINA', NULL, 8, 950, 950, 950, NULL, 0, 0, NULL, 1, 1, '2020-02-23 14:11:49', 1, NULL, NULL),
(174, 'MORTIS LOCK BRASS CHINA', NULL, 3, 'MORTIS LOCK BRASS CHINA', NULL, 8, 950, 950, 950, NULL, 0, 0, NULL, 1, 1, '2020-02-23 14:11:49', 1, NULL, NULL),
(175, 'MS PLATE 8X4 18G', '', 7, 'MS PLATE 8X4 18G', 2450, 8, 2700, 2700, 2600, NULL, 0, 0, NULL, 1, 1, '2020-02-23 14:11:49', 1, 10, '2020-05-14 12:26:13'),
(176, 'TROWEL 7\"', '', 3, 'TROWEL', 70, 8, 120, 120, 640, NULL, 5, 0, NULL, 1, 1, '2020-02-23 14:11:49', 1, 1, '2020-03-03 12:34:48'),
(177, 'NYUMBA CEMENT 5OKG MOMBASA', '', 2, 'NYUMBA CEMENT 5OKG MOMBASA', 565, 1, 590, 590, 650, NULL, 0, 0, NULL, 1, 1, '2020-02-23 14:11:49', 1, 10, '2020-07-12 09:08:08'),
(178, 'NYUMBA GCI 30G 3M 1 1/3', '', 6, 'NYUMBA GCI 30G 3M 1 1/3', 795, 8, 850, 850, 800, NULL, 0, 0, NULL, 1, 1, '2020-02-23 14:11:49', 1, 11, '2020-10-08 10:51:15'),
(179, 'NYUMBA GCI 32G 2.5M 1 1/3', '', 6, 'NYUMBA GCI 32G 2.5M 1 1/3', 575, 8, 650, 650, 570, NULL, 0, 0, NULL, 1, 1, '2020-02-23 14:11:49', 1, 11, '2020-09-08 16:04:32'),
(180, 'NYUMBA GCI 32G 2M 1 1/3', '', 6, 'NYUMBA GCI 32G 2M 1 1/3', 420, 8, 500, 500, 470, NULL, 0, 0, NULL, 1, 1, '2020-02-23 14:11:49', 1, 10, '2020-04-02 09:54:55'),
(181, 'NYUMBA GCI 32G 3M 1 1/3', '', 6, 'NYUMBA GCI 32G 3M 1 1/3', 690, 8, 720, 720, 680, NULL, 0, 0, NULL, 1, 1, '2020-02-23 14:11:49', 1, 10, '2020-04-18 17:06:11'),
(182, 'ORION BARMUDA BLUE EMULSION 4L', NULL, 4, 'ORION BARMUDA BLUE EMULSION 4L', NULL, 10, 500, 500, 500, NULL, 0, 0, NULL, 1, 1, '2020-02-23 14:11:49', 1, NULL, NULL),
(183, 'ORISA PAN STEP BLUE TOILET', NULL, 5, 'ORISA PAN STEP BLUE TOILET', NULL, 8, 1450, 1450, 1450, NULL, 0, 0, NULL, 1, 1, '2020-02-23 14:11:49', 1, NULL, NULL),
(184, 'ORISA PAN STEP COLOUR BLACK', NULL, 5, 'ORISA PAN STEP COLOUR BLACK', NULL, 8, 1450, 1450, 1450, NULL, 0, 0, NULL, 1, 1, '2020-02-23 14:11:49', 1, NULL, NULL),
(185, 'ORISA PAN STEP COLOUR BROWN', NULL, 5, 'ORISA PAN STEP COLOUR BROWN', NULL, 8, 1450, 1450, 1450, NULL, 0, 0, NULL, 1, 1, '2020-02-23 14:11:49', 1, NULL, NULL),
(186, 'ORISA PAN STEP COLOUR GREY', NULL, 5, 'ORISA PAN STEP COLOUR GREY', NULL, 8, 1450, 1450, 1450, NULL, 0, 0, NULL, 1, 1, '2020-02-23 14:11:49', 1, NULL, NULL),
(187, 'ORISA PAN STEP GREEN', NULL, 5, 'ORISA PAN STEP GREEN', NULL, 8, 1450, 1450, 1450, NULL, 0, 0, NULL, 1, 1, '2020-02-23 14:11:49', 1, NULL, NULL),
(188, 'ORISA PAN STEP COLOUR CREAM', NULL, 5, 'ORISA PAN STEP COLOUR CREAM', NULL, 8, 1450, 1450, 1450, NULL, 0, 0, NULL, 1, 1, '2020-02-23 14:11:49', 1, NULL, NULL),
(189, 'ORISA PAN STEP PINK', NULL, 5, 'ORISA PAN STEP PINK', NULL, 8, 1450, 1450, 1450, NULL, 0, 0, NULL, 1, 1, '2020-02-23 14:11:49', 1, NULL, NULL),
(190, 'ORISA PAN STEP WHITE', NULL, 5, 'ORISA PAN STEP WHITE', NULL, 8, 1300, 1300, 1300, NULL, 0, 0, NULL, 1, 1, '2020-02-23 14:11:49', 1, NULL, NULL),
(191, 'PAD BOLT 6', NULL, 3, 'PAD BOLT 6', NULL, 8, 120, 120, 120, NULL, 0, 0, NULL, 1, 1, '2020-02-23 14:11:49', 1, NULL, NULL),
(192, 'PAD LOCK TRIRHOMB74MM RSL-74', NULL, 3, 'PAD LOCK TRIRHOMB74MM RSL-74', NULL, 8, 1200, 1200, 1200, NULL, 0, 0, NULL, 1, 1, '2020-02-23 14:11:49', 1, NULL, NULL),
(193, 'PAINT BRUSH HARRIS 1', NULL, 3, 'PAINT BRUSH HARRIS 1', NULL, 8, 50, 50, 50, NULL, 0, 0, NULL, 1, 1, '2020-02-23 14:11:49', 1, NULL, NULL),
(194, 'PAINT BRUSH HARRIS 1.5', NULL, 3, 'PAINT BRUSH HARRIS 1.5', NULL, 8, 60, 60, 60, NULL, 0, 0, NULL, 1, 1, '2020-02-23 14:11:49', 1, NULL, NULL),
(195, 'PAINT BRUSH HARRIS 2', '', 3, 'PAINT BRUSH HARRIS 2', 40, 8, 70, 70, 70, NULL, 0, 0, NULL, 1, 1, '2020-02-23 14:11:49', 1, 10, '2020-10-23 13:39:20'),
(196, 'PAINT BRUSH HARRIS 3', '', 3, 'PAINT BRUSH HARRIS 3', 60, 8, 90, 90, 120, NULL, 0, 0, NULL, 1, 1, '2020-02-23 14:11:49', 1, 10, '2020-10-23 13:41:09'),
(197, 'PAINT BRUSH HARRIS 4', NULL, 3, 'PAINT BRUSH HARRIS 4', NULL, 8, 100, 100, 100, NULL, 0, 0, NULL, 1, 1, '2020-02-23 14:11:49', 1, NULL, NULL),
(198, 'PAINT BRUSH HARRIS 5', NULL, 3, 'PAINT BRUSH HARRIS 5', NULL, 8, 150, 150, 150, NULL, 0, 0, NULL, 1, 1, '2020-02-23 14:11:49', 1, NULL, NULL),
(199, 'PAINT BRUSH HARRIS 6', NULL, 3, 'PAINT BRUSH HARRIS 6', NULL, 8, 200, 200, 200, NULL, 0, 0, NULL, 1, 1, '2020-02-23 14:11:49', 1, NULL, NULL),
(200, 'PAINT ROLLERS', NULL, 3, 'PAINT ROLLERS', NULL, 8, 300, 300, 300, NULL, 0, 0, NULL, 1, 1, '2020-02-23 14:11:49', 1, NULL, NULL),
(201, 'PLAIN SHEET 30G', NULL, 3, 'PLAIN SHEET 30G', NULL, 6, 330, 330, 330, NULL, 0, 0, NULL, 1, 1, '2020-02-23 14:11:49', 1, NULL, NULL),
(202, 'PLASCON BUDGET CREAM 20LTRS', NULL, 4, 'PLASCON BUDGET CREAM 20LTRS', NULL, 4, 2000, 2000, 2000, NULL, 0, 0, NULL, 1, 1, '2020-02-23 14:11:49', 1, NULL, NULL),
(203, 'PLASCON BUDGET GLOSS BARMUDA BLUE 4 LTRS', NULL, 4, 'PLASCON BUDGET GLOSS BARMUDA BLUE 4 LTRS', NULL, 10, 950, 950, 950, NULL, 0, 0, NULL, 1, 1, '2020-02-23 14:11:49', 1, NULL, NULL),
(204, 'PLASCON BUDGET WHITE 20LTRS', NULL, 4, 'PLASCON BUDGET WHITE 20LTRS', NULL, 4, 2000, 2000, 2000, NULL, 0, 0, NULL, 1, 1, '2020-02-23 14:11:49', 1, NULL, NULL),
(205, 'PLASCON EMULSION BRILLIANT WHITE 4 LTRS', NULL, 4, 'PLASCON EMULSION BRILLIANT WHITE 4 LTRS', NULL, 10, 600, 600, 600, NULL, 0, 0, NULL, 1, 1, '2020-02-23 14:11:49', 1, NULL, NULL),
(206, 'PLASCON EMULSION BRILLIANT WHITE 4 LTRS', NULL, 4, 'PLASCON EMULSION BRILLIANT WHITE 4 LTRS', NULL, 10, 600, 600, 600, NULL, 0, 0, NULL, 1, 1, '2020-02-23 14:11:49', 1, 10, '2020-06-04 10:10:32'),
(207, 'PLASCON GLOSS BRILLIANT BARMUDA BLUE 4LITRES', NULL, 4, 'PLASCON GLOSS BRILLIANT BARMUDA BLUE 4LITRES', NULL, 10, 950, 950, 950, NULL, 0, 0, NULL, 1, 1, '2020-02-23 14:11:49', 1, NULL, NULL),
(208, 'PLASCON GLOSS CREAM 4LTR', NULL, 4, 'PLASCON GLOSS CREAM 4LTR', NULL, 10, 950, 950, 950, NULL, 0, 0, NULL, 1, 1, '2020-02-23 14:11:49', 1, NULL, NULL),
(209, 'PLASCON BUDGET EMULSION CREAM 4LTR', NULL, 4, 'PLASCON BUDGET EMULSION CREAM 4LTR', NULL, 10, 600, 600, 600, NULL, 0, 0, NULL, 1, 1, '2020-02-23 14:11:49', 1, NULL, NULL),
(210, '5/8 BUSH', '', 3, '5/8 BUSH', 20, 10, 35, 35, 600, NULL, 5, 0, NULL, 1, 1, '2020-02-23 14:11:49', 1, 10, '2020-06-04 10:12:28'),
(211, 'PLYWOOD 3MM', '', 3, 'PLYWOOD 3MM', 400, 8, 500, 500, 500, NULL, 0, 0, NULL, 1, 1, '2020-02-23 14:11:49', 1, 11, '2020-10-23 11:07:41'),
(212, 'POLYFILLA 2.5KG ECO', NULL, 3, 'POLYFILLA 2.5KG ECO', NULL, 7, 250, 250, 250, NULL, 0, 0, NULL, 1, 1, '2020-02-23 14:11:49', 1, NULL, NULL),
(213, 'RAI CEMENT 50KG', '', 2, 'RAI CEMENT 50KG', 580, 1, 620, 620, 630, NULL, 0, 0, NULL, 1, 1, '2020-02-23 14:11:49', 1, 10, '2020-05-26 09:36:30'),
(214, 'RED OXIDE POWDER HIROC GERM', '', 3, 'RED OXIDE POWDER HIROC GERM', 220, 5, 350, 260, 250, NULL, 0, 0, NULL, 1, 1, '2020-02-23 14:11:49', 1, 11, '2020-07-18 14:58:04'),
(215, 'RHS 11/2X1X1.5', '', 7, 'RHS 11/2X1X1.5', 770, 8, 870, 870, 870, NULL, 0, 0, NULL, 1, 1, '2020-02-23 14:11:49', 1, 10, '2020-04-28 08:24:16'),
(216, 'RHS 2X1X1.5', '', 7, 'RHS 2X1X1.5', 1150, 8, 1200, 1200, 1000, NULL, 0, 0, NULL, 1, 1, '2020-02-23 14:11:49', 1, 11, '2020-10-23 11:08:51'),
(217, 'RHS 2X1X1X1.0', '', 7, 'RHS 2X1X1X1.0', 920, 8, 950, 950, 1000, NULL, 0, 0, NULL, 1, 1, '2020-02-23 14:11:49', 1, 11, '2020-10-23 11:09:42'),
(218, 'RHS TUBE 11/2X1X1.0MM', '', 7, 'RHS TUBE 11/2X1X1.0MM', 795, 8, 830, 830, 710, NULL, 0, 0, NULL, 1, 1, '2020-02-23 14:11:49', 1, 11, '2020-10-23 11:14:09'),
(219, 'ROOFING NAILS', NULL, 3, 'ROOFING NAILS', NULL, 5, 200, 200, 200, NULL, 0, 0, NULL, 1, 1, '2020-02-23 14:11:49', 1, NULL, NULL),
(220, 'ROUND BARS R6', NULL, 7, 'ROUND BARS R6', NULL, 8, 250, 250, 250, NULL, 0, 0, NULL, 1, 1, '2020-02-23 14:11:49', 1, NULL, NULL),
(221, 'ROUND BARS R10', '', 7, 'ROUND BARS R10', 650, 8, 680, 680, 680, NULL, 0, 0, NULL, 1, 1, '2020-02-23 14:11:49', 1, 11, '2020-10-08 10:49:53'),
(222, 'ROUND BARS R16 (5/8TH)', NULL, 7, 'ROUND BARS R16 (5/8TH)', NULL, 8, 2100, 2100, 2100, NULL, 0, 0, NULL, 1, 1, '2020-02-23 14:11:49', 1, NULL, NULL),
(223, 'ROUND TUBES 1X1.2MM', '', 7, 'ROUND TUBES 1X1.2MM', 530, 8, 550, 550, 500, NULL, 0, 0, NULL, 1, 1, '2020-02-23 14:11:49', 1, 10, '2020-07-28 12:43:28'),
(224, 'ROUND TUBES 3/4', '', 7, 'ROUND TUBES 3/4', 480, 8, 520, 520, 450, NULL, 0, 0, NULL, 1, 1, '2020-02-23 14:11:49', 1, 11, '2020-10-08 10:49:08'),
(225, 'STEEL NAILS 2', '', 7, 'STEEL NAILS 2', 190, 7, 250, 250, 450, NULL, 2, 0, NULL, 1, 1, '2020-02-23 14:11:49', 1, 10, '2020-06-04 14:56:19'),
(226, 'ROYAL EMULSION CREAM 20 LTR', NULL, 4, 'ROYAL EMULSION CREAM 20 LTR', NULL, 4, 1950, 1950, 1950, NULL, 0, 0, NULL, 1, 1, '2020-02-23 14:11:49', 1, NULL, NULL),
(227, 'ROYAL EMULSION CREAM 4LTR', NULL, 4, 'ROYAL EMULSION CREAM 4LTR', NULL, 10, 550, 550, 550, NULL, 0, 0, NULL, 1, 1, '2020-02-23 14:11:49', 1, NULL, NULL),
(228, 'ROYAL EMULSION SOFT WHITE 20 LTR', NULL, 4, 'ROYAL EMULSION SOFT WHITE 20 LTR', NULL, 4, 1950, 1950, 1950, NULL, 0, 0, NULL, 1, 1, '2020-02-23 14:11:49', 1, NULL, NULL),
(229, 'ROYAL EMULSION WHITE 20 LTRS', NULL, 4, 'ROYAL EMULSION WHITE 20 LTRS', NULL, 4, 1950, 1950, 1950, NULL, 0, 0, NULL, 1, 1, '2020-02-23 14:11:49', 1, NULL, NULL),
(230, 'ROYAL EMULSION WHITE 4LTR', NULL, 4, 'ROYAL EMULSION WHITE 4LTR', NULL, 10, 550, 550, 550, NULL, 0, 0, NULL, 1, 1, '2020-02-23 14:11:49', 1, NULL, NULL),
(231, 'ROYAL GLOSS BLACK 4LTRS', NULL, 4, 'ROYAL GLOSS BLACK 4LTRS', NULL, 10, 850, 850, 850, NULL, 0, 0, NULL, 1, 1, '2020-02-23 14:11:49', 1, NULL, NULL),
(232, 'ROYAL GLOSS CREAM 4LTR', NULL, 4, 'ROYAL GLOSS CREAM 4LTR', NULL, 10, 850, 850, 850, NULL, 0, 0, NULL, 1, 1, '2020-02-23 14:11:49', 1, NULL, NULL),
(233, 'ROYAL GREY PRIMER 1/2LTR', NULL, 4, 'ROYAL GREY PRIMER 1/2LTR', NULL, 10, 180, 180, 180, NULL, 0, 0, NULL, 1, 1, '2020-02-23 14:11:49', 1, NULL, NULL),
(234, 'ROYAL GREY PRIMER 4LTR', NULL, 4, 'ROYAL GREY PRIMER 4LTR', NULL, 10, 850, 850, 850, NULL, 0, 0, NULL, 1, 1, '2020-02-23 14:11:49', 1, NULL, NULL),
(235, 'RUBBER WASHER B/RED', NULL, 3, 'RUBBER WASHER B/RED', NULL, 7, 100, 100, 100, NULL, 0, 0, NULL, 1, 1, '2020-02-23 14:11:49', 1, NULL, NULL),
(236, 'RUBBER WASHER BLUE', NULL, 3, 'RUBBER WASHER BLUE', NULL, 7, 100, 100, 100, NULL, 0, 0, NULL, 1, 1, '2020-02-23 14:11:49', 1, NULL, NULL),
(237, 'RUBBER WASHER GREEN', NULL, 3, 'RUBBER WASHER GREEN', NULL, 7, 100, 100, 100, NULL, 0, 0, NULL, 1, 1, '2020-02-23 14:11:49', 1, NULL, NULL),
(238, 'SAND PAPER P100', NULL, 3, 'SAND PAPER P100', NULL, 6, 100, 100, 100, NULL, 0, 0, NULL, 1, 1, '2020-02-23 14:11:49', 1, NULL, NULL),
(239, 'SAND PAPER P120', NULL, 3, 'SAND PAPER P120', NULL, 6, 100, 100, 100, NULL, 0, 0, NULL, 1, 1, '2020-02-23 14:11:49', 1, NULL, NULL),
(240, 'SAND PAPER P40', NULL, 3, 'SAND PAPER P40', NULL, 6, 100, 100, 100, NULL, 0, 0, NULL, 1, 1, '2020-02-23 14:11:49', 1, NULL, NULL),
(241, 'SAND PAPER P60', NULL, 3, 'SAND PAPER P60', NULL, 6, 100, 100, 100, NULL, 0, 0, NULL, 1, 1, '2020-02-23 14:11:49', 1, NULL, NULL),
(242, 'SAND PAPER P80', NULL, 3, 'SAND PAPER P80', NULL, 6, 100, 100, 100, NULL, 0, 0, NULL, 1, 1, '2020-02-23 14:11:49', 1, NULL, NULL),
(243, 'SCRAPPER', NULL, 3, 'SCRAPPER', NULL, 8, 100, 100, 100, NULL, 0, 0, NULL, 1, 1, '2020-02-23 14:11:49', 1, NULL, NULL),
(244, 'SCREW DRIVER STAR/FLAT', NULL, 3, 'SCREW DRIVER STAR/FLAT', NULL, 8, 150, 150, 150, NULL, 0, 0, NULL, 1, 1, '2020-02-23 14:11:49', 1, NULL, NULL),
(245, 'SHOE TACKS 5/8\" OR 3/4\"', NULL, 3, 'SHOE TACKS 5/8\" OR 3/4\"', NULL, 7, 120, 120, 120, NULL, 0, 0, NULL, 1, 1, '2020-02-23 14:11:49', 1, NULL, NULL),
(246, 'SILICON BLACK 250ML', NULL, 3, 'SILICON BLACK 250ML', NULL, 11, 250, 250, 250, NULL, 0, 0, NULL, 1, 1, '2020-02-23 14:11:49', 1, NULL, NULL),
(247, 'SILICON CLEAR 250ML', NULL, 3, 'SILICON CLEAR 250ML', NULL, 11, 250, 250, 250, NULL, 0, 0, NULL, 1, 1, '2020-02-23 14:11:49', 1, NULL, NULL),
(248, 'SILICON MAGPOW BLACK', NULL, 3, 'SILICON MAGPOW BLACK', NULL, 11, 280, 280, 280, NULL, 0, 0, NULL, 1, 1, '2020-02-23 14:11:49', 1, NULL, NULL),
(249, 'SILICON MAGPOW CLEAR', NULL, 3, 'SILICON MAGPOW CLEAR', NULL, 11, 280, 280, 280, NULL, 0, 0, NULL, 1, 1, '2020-02-23 14:11:49', 1, NULL, NULL),
(250, 'SILICON WHITE 250ML', NULL, 3, 'SILICON WHITE 250ML', NULL, 11, 250, 250, 250, NULL, 0, 0, NULL, 1, 1, '2020-02-23 14:11:49', 1, NULL, NULL),
(251, 'SIMBA CEMENT 50KGS', NULL, 2, 'SIMBA CEMENT 50KGS', NULL, 1, 630, 630, 630, NULL, 0, 0, NULL, 1, 1, '2020-02-23 14:11:49', 1, NULL, NULL),
(252, 'SOWECCO BARMUDA BLUE GLOSS 4L', NULL, 4, 'SOWECCO BARMUDA BLUE GLOSS 4L', NULL, 10, 850, 850, 850, NULL, 0, 0, NULL, 1, 1, '2020-02-23 14:11:49', 1, NULL, NULL),
(253, 'SPACER', NULL, 3, 'SPACER', NULL, 7, 120, 120, 120, NULL, 0, 0, NULL, 1, 1, '2020-02-23 14:11:49', 1, NULL, NULL),
(254, 'SPADE MATAL INP', NULL, 3, 'SPADE MATAL INP', NULL, 8, 450, 450, 450, NULL, 0, 0, NULL, 1, 1, '2020-02-23 14:11:49', 1, NULL, NULL),
(255, 'MAISHA BOX BRICK RED 30G 2.5 MTR 11/3', '', 3, 'MAISHA BOX BRICK RED', 850, 8, 880, 880, 0, NULL, 5, 0, NULL, 1, 1, '2020-02-23 14:11:49', 1, 10, '2020-06-09 14:05:47'),
(256, 'SQ TUBE 11/2 X11/2 X1.2 STD', '', 7, 'SQ TUBE 11/2 X11/2 X1.2 STD', 960, 8, 990, 990, 830, NULL, 0, 0, NULL, 1, 1, '2020-02-23 14:11:49', 1, 11, '2020-10-23 11:11:15'),
(257, 'SQ TUBE 11/4 STD', '', 7, 'SQ TUBE 11/4 STD', 780, 8, 810, 810, 700, NULL, 0, 0, NULL, 1, 1, '2020-02-23 14:11:49', 1, 11, '2020-11-12 13:02:09'),
(258, 'SQ TUBE 1X1X1.5MM', NULL, 7, 'SQ TUBE 1X1X1.5MM', NULL, 8, 720, 720, 720, NULL, 0, 0, NULL, 1, 1, '2020-02-23 14:11:49', 1, NULL, NULL),
(259, 'SQ TUBE 1X1X1MM', '', 7, 'SQ TUBE 1X1X1MM', 620, 8, 650, 650, 560, NULL, 0, 0, NULL, 1, 1, '2020-02-23 14:11:49', 1, 11, '2020-11-12 13:00:52'),
(260, 'SQ TUBE 2X2X1.5MM', '', 7, 'SQ TUBE 2X2X1.5MM', 1550, 8, 1600, 1600, 1650, NULL, 0, 0, NULL, 1, 1, '2020-02-23 14:11:49', 1, 11, '2020-06-11 11:42:33'),
(261, 'MS PLATE 8X4 20G ', '', 7, 'MS PLATE 8X4 20G', 2800, 8, 2900, 2900, 3100, NULL, 5, 0, NULL, 1, 1, '2020-02-23 14:11:49', 1, 10, '2020-11-14 10:00:00'),
(262, 'SQ TUBE 3/4X3/4X1.0', '', 7, 'SQ TUBE 3/4X3/4X1.0', 500, 8, 530, 530, 460, NULL, 0, 0, NULL, 1, 1, '2020-02-23 14:11:49', 1, 11, '2020-11-12 13:01:31'),
(263, 'SQ TUBE 3x3x2.5mm', NULL, 7, 'SQ TUBE 3x3x2.5mm', NULL, 8, 3900, 3900, 3900, NULL, 0, 0, NULL, 1, 1, '2020-02-23 14:11:49', 1, NULL, NULL),
(264, 'SQUARE TUBE 2X2X1', NULL, 7, 'SQUARE TUBE 2X2X1', NULL, 8, 1300, 1300, 1300, NULL, 0, 0, NULL, 1, 1, '2020-02-23 14:11:49', 1, NULL, NULL),
(265, 'STANDARD THINNER 1L', NULL, 3, 'STANDARD THINNER 1L', NULL, 10, 250, 250, 250, NULL, 0, 0, NULL, 1, 1, '2020-02-23 14:11:49', 1, NULL, NULL),
(266, 'STEEL NAILS SINGLE 2.5', NULL, 3, 'STEEL NAILS SINGLE 2.5', NULL, 8, 5, 5, 5, NULL, 0, 0, NULL, 1, 1, '2020-02-23 14:11:49', 1, NULL, NULL),
(267, 'BIMETAL BLADE', '', 3, 'BLADE', 75, 8, 100, 100, 10, NULL, 10, 0, NULL, 1, 1, '2020-02-23 14:11:49', 1, 10, '2020-06-30 17:43:45'),
(268, 'STEEL NAILS 1', NULL, 3, 'STEEL NAILS 1', NULL, 7, 300, 300, 300, NULL, 0, 0, NULL, 1, 1, '2020-02-23 14:11:49', 1, NULL, NULL),
(269, 'STEEL NAILS 1.5', NULL, 3, 'STEEL NAILS 1.5', NULL, 7, 300, 300, 300, NULL, 0, 0, NULL, 1, 1, '2020-02-23 14:11:49', 1, NULL, NULL),
(270, 'STEEL NAILS 2.5', NULL, 3, 'STEEL NAILS 2.5', NULL, 7, 300, 300, 300, NULL, 0, 0, NULL, 1, 1, '2020-02-23 14:11:49', 1, NULL, NULL),
(271, 'STEEL NAILS 3', NULL, 3, 'STEEL NAILS 3', NULL, 7, 300, 300, 300, NULL, 0, 0, NULL, 1, 1, '2020-02-23 14:11:49', 1, NULL, NULL),
(272, 'STEEL NAILS 4', NULL, 3, 'STEEL NAILS 4', NULL, 7, 300, 300, 300, NULL, 0, 0, NULL, 1, 1, '2020-02-23 14:11:49', 1, NULL, NULL),
(273, 'STEEL NAILS SINGLE 1', NULL, 3, 'STEEL NAILS SINGLE 1', NULL, 8, 5, 5, 5, NULL, 0, 0, NULL, 1, 1, '2020-02-23 14:11:49', 1, NULL, NULL),
(274, 'STEEL NAILS SINGLE 1.5', NULL, 3, 'STEEL NAILS SINGLE 1.5', NULL, 8, 5, 5, 5, NULL, 0, 0, NULL, 1, 1, '2020-02-23 14:11:49', 1, NULL, NULL),
(275, 'STEEL NAILS SINGLE 3', NULL, 3, 'STEEL NAILS SINGLE 3', NULL, 8, 10, 10, 10, NULL, 0, 0, NULL, 1, 1, '2020-02-23 14:11:49', 1, NULL, NULL),
(276, 'STEEL NAILS SINGLE 4', '', 3, 'STEEL NAILS SINGLE 4', 5, 8, 15, 15, 15, NULL, 10, 0, NULL, 1, 1, '2020-02-23 14:11:49', 1, 3, '2020-02-24 09:49:38'),
(277, 'TEE 3/4', NULL, 7, 'TEE 3/4', NULL, 8, 620, 620, 620, NULL, 0, 0, NULL, 1, 1, '2020-02-23 14:11:49', 1, NULL, NULL),
(278, 'TILE -F -ANTANTIS GRAY 60X60', NULL, 8, 'TILE -F -ANTANTIS GRAY 60X60', NULL, 3, 2200, 2200, 2200, NULL, 0, 0, NULL, 1, 1, '2020-02-23 14:11:49', 1, NULL, NULL),
(279, 'TILE -F- GOLDEN WOOD 60X60', NULL, 8, 'TILE -F- GOLDEN WOOD 60X60', NULL, 3, 2200, 2200, 2200, NULL, 0, 0, NULL, 1, 1, '2020-02-23 14:11:49', 1, NULL, NULL),
(280, 'TILE -F- MENFIS 60X60', NULL, 8, 'TILE -F- MENFIS 60X60', NULL, 3, 2200, 2200, 2200, NULL, 0, 0, NULL, 1, 1, '2020-02-23 14:11:49', 1, NULL, NULL),
(281, 'TILE -F- NOVA 3 40X40', NULL, 8, 'TILE -F- NOVA 3 40X40', NULL, 3, 930, 930, 930, NULL, 0, 0, NULL, 1, 1, '2020-02-23 14:11:49', 1, NULL, NULL),
(282, 'TILE -F-10119 30X30', NULL, 8, 'TILE -F-10119 30X30', NULL, 3, 850, 850, 850, NULL, 0, 0, NULL, 1, 1, '2020-02-23 14:11:49', 1, NULL, NULL),
(283, 'TILE -F-13104 30X30', NULL, 8, 'TILE -F-13104 30X30', NULL, 3, 850, 850, 850, NULL, 0, 0, NULL, 1, 1, '2020-02-23 14:11:49', 1, NULL, NULL),
(284, 'TILE -F-159706-(150X900)', NULL, 8, 'TILE -F-159706-(150X900)', NULL, 3, 2100, 2100, 2100, NULL, 0, 0, NULL, 1, 1, '2020-02-23 14:11:49', 1, NULL, NULL),
(285, 'TILE -F-20149 40X40', NULL, 8, 'TILE -F-20149 40X40', NULL, 3, 930, 930, 930, NULL, 0, 0, NULL, 1, 1, '2020-02-23 14:11:49', 1, NULL, NULL),
(286, 'TILE -F-40351 40X40', NULL, 8, 'TILE -F-40351 40X40', NULL, 3, 930, 930, 930, NULL, 0, 0, NULL, 1, 1, '2020-02-23 14:11:49', 1, NULL, NULL),
(287, 'TILE -F-7082 30X30', NULL, 8, 'TILE -F-7082 30X30', NULL, 3, 850, 850, 850, NULL, 0, 0, NULL, 1, 1, '2020-02-23 14:11:49', 1, NULL, NULL),
(288, 'TILE -F-855 30x30', NULL, 8, 'TILE -F-855 30x30', NULL, 3, 850, 850, 850, NULL, 0, 0, NULL, 1, 1, '2020-02-23 14:11:49', 1, NULL, NULL),
(289, 'TILE -F-8690 40X40', NULL, 8, 'TILE -F-8690 40X40', NULL, 3, 930, 930, 930, NULL, 0, 0, NULL, 1, 1, '2020-02-23 14:11:49', 1, NULL, NULL),
(290, 'TILE -F-9192 40X40', NULL, 8, 'TILE -F-9192 40X40', NULL, 3, 930, 930, 930, NULL, 0, 0, NULL, 1, 1, '2020-02-23 14:11:49', 1, NULL, NULL),
(291, 'TILE -F-9223 40X40', NULL, 8, 'TILE -F-9223 40X40', NULL, 3, 930, 930, 930, NULL, 0, 0, NULL, 1, 1, '2020-02-23 14:11:49', 1, NULL, NULL),
(292, 'TILE -F-9224 40X40', NULL, 8, 'TILE -F-9224 40X40', NULL, 3, 930, 930, 930, NULL, 0, 0, NULL, 1, 1, '2020-02-23 14:11:49', 1, NULL, NULL),
(293, 'TILE -F-BHOMEA BEIGE 60X60', NULL, 8, 'TILE -F-BHOMEA BEIGE 60X60', NULL, 3, 2200, 2200, 2200, NULL, 0, 0, NULL, 1, 1, '2020-02-23 14:11:49', 1, NULL, NULL),
(294, 'TILE -F-FS-3 30X30', NULL, 8, 'TILE -F-FS-3 30X30', NULL, 3, 850, 850, 850, NULL, 0, 0, NULL, 1, 1, '2020-02-23 14:11:49', 1, NULL, NULL),
(295, 'TILE -F-SAGESTER BIANCO 60X60', NULL, 8, 'TILE -F-SAGESTER BIANCO 60X60', NULL, 3, 2200, 2200, 2200, NULL, 0, 0, NULL, 1, 1, '2020-02-23 14:11:49', 1, NULL, NULL),
(296, 'TILE -F-XG 158 30X30 (17PCS)', NULL, 8, 'TILE -F-XG 158 30X30 (17PCS)', NULL, 3, 1100, 1100, 1100, NULL, 0, 0, NULL, 1, 1, '2020-02-23 14:11:49', 1, NULL, NULL),
(297, 'TILE -F-XG206 30X30 (17PCS)', NULL, 8, 'TILE -F-XG206 30X30 (17PCS)', NULL, 3, 1100, 1100, 1100, NULL, 0, 0, NULL, 1, 1, '2020-02-23 14:11:49', 1, NULL, NULL),
(298, 'TILE -W- 26 LIGHT 30X45', NULL, 8, 'TILE -W- 26 LIGHT 30X45', NULL, 3, 900, 900, 900, NULL, 0, 0, NULL, 1, 1, '2020-02-23 14:11:49', 1, NULL, NULL),
(299, 'TILE -W- 26 DARK 30X45', NULL, 8, 'TILE -W- 26 DARK 30X45', NULL, 3, 900, 900, 900, NULL, 0, 0, NULL, 1, 1, '2020-02-23 14:11:49', 1, NULL, NULL),
(300, 'TILE -W- 26 HL 30X45', NULL, 8, 'TILE -W- 26 HL 30X45', NULL, 3, 900, 900, 900, NULL, 0, 0, NULL, 1, 1, '2020-02-23 14:11:49', 1, NULL, NULL),
(301, 'TILE -W- 51L 30X45', NULL, 8, 'TILE -W- 51L 30X45', NULL, 3, 900, 900, 900, NULL, 0, 0, NULL, 1, 1, '2020-02-23 14:11:49', 1, NULL, NULL),
(302, 'TILE -W-110 LIGHT 30X45', NULL, 8, 'TILE -W-110 LIGHT 30X45', NULL, 3, 900, 900, 900, NULL, 0, 0, NULL, 1, 1, '2020-02-23 14:11:49', 1, NULL, NULL),
(303, 'TILE -W-110 DARK 30X45', NULL, 8, 'TILE -W-110 DARK 30X45', NULL, 3, 900, 900, 900, NULL, 0, 0, NULL, 1, 1, '2020-02-23 14:11:49', 1, NULL, NULL),
(304, 'TILE -W-110 HL 30X45', NULL, 8, 'TILE -W-110 HL 30X45', NULL, 3, 900, 900, 900, NULL, 0, 0, NULL, 1, 1, '2020-02-23 14:11:49', 1, NULL, NULL),
(305, 'TILE -W-2007 30X45', NULL, 8, 'TILE -W-2007 30X45', NULL, 3, 900, 900, 900, NULL, 0, 0, NULL, 1, 1, '2020-02-23 14:11:49', 1, NULL, NULL),
(306, 'TILE -W-6011 60X60', NULL, 8, 'TILE -W-6011 60X60', NULL, 3, 2200, 2200, 2200, NULL, 0, 0, NULL, 1, 1, '2020-02-23 14:11:49', 1, NULL, NULL),
(307, 'TILE -W-EL20 30X45', NULL, 8, 'TILE -W-EL20 30X45', NULL, 3, 900, 900, 900, NULL, 0, 0, NULL, 1, 1, '2020-02-23 14:11:49', 1, NULL, NULL),
(308, 'TILE -W-S.IVORY 20X30', NULL, 8, 'TILE -W-S.IVORY 20X30', NULL, 3, 850, 850, 850, NULL, 0, 0, NULL, 1, 1, '2020-02-23 14:11:49', 1, NULL, NULL),
(309, 'TILE -W-SATVARIO NATURAL 60X60', NULL, 8, 'TILE -W-SATVARIO NATURAL 60X60', NULL, 3, 2200, 2200, 2200, NULL, 0, 0, NULL, 1, 1, '2020-02-23 14:11:49', 1, NULL, NULL),
(310, 'TILE /CORNER STRIPS (PVC)', NULL, 8, 'TILE /CORNER STRIPS (PVC)', NULL, 7, 150, 150, 150, NULL, 0, 0, NULL, 1, 1, '2020-02-23 14:11:49', 1, NULL, NULL),
(311, 'TILE 8582 40X40', NULL, 8, 'TILE 8582 40X40', NULL, 3, 930, 930, 930, NULL, 0, 0, NULL, 1, 1, '2020-02-23 14:11:49', 1, NULL, NULL),
(312, 'TILE 9045 40X40', NULL, 8, 'TILE 9045 40X40', NULL, 3, 930, 930, 930, NULL, 0, 0, NULL, 1, 1, '2020-02-23 14:11:49', 1, NULL, NULL),
(313, 'TILE 9218 40X40', NULL, 8, 'TILE 9218 40X40', NULL, 3, 930, 930, 930, NULL, 0, 0, NULL, 1, 1, '2020-02-23 14:11:49', 1, NULL, NULL),
(314, 'TILE AGATHE WHITE 60X60', NULL, 8, 'TILE AGATHE WHITE 60X60', NULL, 3, 2200, 2200, 2200, NULL, 0, 0, NULL, 1, 1, '2020-02-23 14:11:49', 1, NULL, NULL),
(315, 'TILE ALBA ONEXX CREAMA 60X60', NULL, 8, 'TILE ALBA ONEXX CREAMA 60X60', NULL, 3, 2200, 2200, 2200, NULL, 0, 0, NULL, 1, 1, '2020-02-23 14:11:49', 1, NULL, NULL),
(316, 'TILE EL-I4040 30X45', NULL, 8, 'TILE EL-I4040 30X45', NULL, 3, 900, 900, 900, NULL, 0, 0, NULL, 1, 1, '2020-02-23 14:11:49', 1, NULL, NULL),
(317, 'TILE F-91546(150x900)', NULL, 8, 'TILE F-91546(150x900)', NULL, 3, 2100, 2100, 2100, NULL, 0, 0, NULL, 1, 1, '2020-02-23 14:11:49', 1, NULL, NULL),
(318, 'TILE GROUT BEIGE 1KG', NULL, 8, 'TILE GROUT BEIGE 1KG', NULL, 7, 150, 150, 150, NULL, 0, 0, NULL, 1, 1, '2020-02-23 14:11:49', 1, NULL, NULL),
(319, 'TILE GROUT BROWN 1KG', NULL, 8, 'TILE GROUT BROWN 1KG', NULL, 7, 150, 150, 150, NULL, 0, 0, NULL, 1, 1, '2020-02-23 14:11:49', 1, NULL, NULL),
(320, 'TILE GROUT CREAM 1KG', NULL, 8, 'TILE GROUT CREAM 1KG', NULL, 7, 150, 150, 150, NULL, 0, 0, NULL, 1, 1, '2020-02-23 14:11:49', 1, NULL, NULL),
(321, 'TILE GROUT GREY 1KG', NULL, 8, 'TILE GROUT GREY 1KG', NULL, 7, 150, 150, 150, NULL, 0, 0, NULL, 1, 1, '2020-02-23 14:11:49', 1, NULL, NULL),
(322, 'TILE GROUT WHITE 1KG', NULL, 8, 'TILE GROUT WHITE 1KG', NULL, 7, 150, 150, 150, NULL, 0, 0, NULL, 1, 1, '2020-02-23 14:11:49', 1, NULL, NULL),
(323, 'TILE I4-06 30X45', NULL, 8, 'TILE I4-06 30X45', NULL, 3, 900, 900, 900, NULL, 0, 0, NULL, 1, 1, '2020-02-23 14:11:49', 1, NULL, NULL);
INSERT INTO `bf_vision_products` (`id`, `product_name`, `dose`, `category_id`, `description`, `trade_price`, `unit_id`, `retail_price`, `wholesale_price`, `distribution_price`, `image_url`, `reorder_level`, `store_reorder`, `barcode`, `isvatable`, `status`, `created_on`, `created_by`, `modified_by`, `modified_date`) VALUES
(324, 'TILE P. TERACOTTA 30X30', NULL, 8, 'TILE P. TERACOTTA 30X30', NULL, 3, 850, 850, 850, NULL, 0, 0, NULL, 1, 1, '2020-02-23 14:11:49', 1, NULL, NULL),
(325, 'TILE P/BLACK 30X30', NULL, 8, 'TILE P/BLACK 30X30', NULL, 3, 850, 850, 850, NULL, 0, 0, NULL, 1, 1, '2020-02-23 14:11:49', 1, NULL, NULL),
(326, 'TILE PLAIN WHITE 60X60', NULL, 8, 'TILE PLAIN WHITE 60X60', NULL, 3, 2250, 2250, 2250, NULL, 0, 0, NULL, 1, 1, '2020-02-23 14:11:49', 1, NULL, NULL),
(327, 'TILE XG 205 30 30 (17)', NULL, 8, 'TILE XG 205 30 30 (17)', NULL, 3, 1100, 1100, 1100, NULL, 0, 0, NULL, 1, 1, '2020-02-23 14:11:49', 1, NULL, NULL),
(328, 'TILE XG07 30X30', NULL, 8, 'TILE XG07 30X30', NULL, 3, 1100, 1100, 1100, NULL, 0, 0, NULL, 1, 1, '2020-02-23 14:11:49', 1, NULL, NULL),
(329, 'TILE XG101 30X30 (17)', NULL, 8, 'TILE XG101 30X30 (17)', NULL, 3, 1100, 1100, 1100, NULL, 0, 0, NULL, 1, 1, '2020-02-23 14:11:49', 1, NULL, NULL),
(330, 'TILE XG105 30X30 (17)', NULL, 8, 'TILE XG105 30X30 (17)', NULL, 3, 1100, 1100, 1100, NULL, 0, 0, NULL, 1, 1, '2020-02-23 14:11:49', 1, NULL, NULL),
(331, 'TILE- W-1556/1129 20X30', NULL, 8, 'TILE- W-1556/1129 20X30', NULL, 3, 850, 850, 850, NULL, 0, 0, NULL, 1, 1, '2020-02-23 14:11:49', 1, NULL, NULL),
(332, 'TILE-973-20X30', NULL, 8, 'TILE-973-20X30', NULL, 3, 850, 850, 850, NULL, 0, 0, NULL, 1, 1, '2020-02-23 14:11:49', 1, NULL, NULL),
(333, 'TILE-F- 334/30058 30X30', NULL, 8, 'TILE-F- 334/30058 30X30', NULL, 3, 850, 850, 850, NULL, 0, 0, NULL, 1, 1, '2020-02-23 14:11:49', 1, NULL, NULL),
(334, 'TILE-F- ANTY COPPER CLOUDY 30X30', NULL, 8, 'TILE-F- ANTY COPPER CLOUDY 30X30', NULL, 3, 850, 850, 850, NULL, 0, 0, NULL, 1, 1, '2020-02-23 14:11:49', 1, NULL, NULL),
(335, 'TILE-F-1-BUTTON (PARKING)30X30', NULL, 8, 'TILE-F-1-BUTTON (PARKING)30X30', NULL, 3, 1770, 1770, 1770, NULL, 0, 0, NULL, 1, 1, '2020-02-23 14:11:49', 1, NULL, NULL),
(336, 'TILE-F-1-WAVE (PARKING) 30X30', NULL, 8, 'TILE-F-1-WAVE (PARKING) 30X30', NULL, 3, 1770, 1770, 1770, NULL, 0, 0, NULL, 1, 1, '2020-02-23 14:11:49', 1, NULL, NULL),
(337, 'TILE-F-11005 30X30', NULL, 8, 'TILE-F-11005 30X30', NULL, 3, 850, 850, 850, NULL, 0, 0, NULL, 1, 1, '2020-02-23 14:11:49', 1, NULL, NULL),
(338, 'TILE-F-1517 30X30', NULL, 8, 'TILE-F-1517 30X30', NULL, 3, 850, 850, 850, NULL, 0, 0, NULL, 1, 1, '2020-02-23 14:11:49', 1, NULL, NULL),
(339, 'TILE-F-20140 50X50', NULL, 8, 'TILE-F-20140 50X50', NULL, 3, 1770, 1770, 1770, NULL, 0, 0, NULL, 1, 1, '2020-02-23 14:11:49', 1, NULL, NULL),
(340, 'TILE-F-20314 50X50', NULL, 8, 'TILE-F-20314 50X50', NULL, 3, 1770, 1770, 1770, NULL, 0, 0, NULL, 1, 1, '2020-02-23 14:11:49', 1, NULL, NULL),
(341, 'TILE-F-20316 50X50', NULL, 8, 'TILE-F-20316 50X50', NULL, 3, 1770, 1770, 1770, NULL, 0, 0, NULL, 1, 1, '2020-02-23 14:11:49', 1, NULL, NULL),
(342, 'TILE-F-20323 50X50', NULL, 8, 'TILE-F-20323 50X50', NULL, 3, 1770, 1770, 1770, NULL, 0, 0, NULL, 1, 1, '2020-02-23 14:11:49', 1, NULL, NULL),
(343, 'TILE-F-3333 (30X30)', NULL, 8, 'TILE-F-3333 (30X30)', NULL, 3, 850, 850, 850, NULL, 0, 0, NULL, 1, 1, '2020-02-23 14:11:49', 1, NULL, NULL),
(344, 'TILE-F-45 LIGHT 30X45', NULL, 8, 'TILE-F-45 LIGHT 30X45', NULL, 3, 900, 900, 900, NULL, 0, 0, NULL, 1, 1, '2020-02-23 14:11:49', 1, NULL, NULL),
(345, 'TILE-F-45 DARK 30X45', NULL, 8, 'TILE-F-45 DARK 30X45', NULL, 3, 900, 900, 900, NULL, 0, 0, NULL, 1, 1, '2020-02-23 14:11:49', 1, NULL, NULL),
(346, 'TILE-F-45  HL 30X45', NULL, 8, 'TILE-F-45  HL 30X45', NULL, 3, 900, 900, 900, NULL, 0, 0, NULL, 1, 1, '2020-02-23 14:11:49', 1, NULL, NULL),
(347, 'TILE-F-6000FL30X30', NULL, 8, 'TILE-F-6000FL30X30', NULL, 3, 1770, 1770, 1770, NULL, 0, 0, NULL, 1, 1, '2020-02-23 14:11:49', 1, NULL, NULL),
(348, 'TILE-F-6001FL 30X30', NULL, 8, 'TILE-F-6001FL 30X30', NULL, 3, 1770, 1770, 1770, NULL, 0, 0, NULL, 1, 1, '2020-02-23 14:11:49', 1, NULL, NULL),
(349, 'TILE-F-6016 FL30X30', NULL, 8, 'TILE-F-6016 FL30X30', NULL, 3, 1770, 1770, 1770, NULL, 0, 0, NULL, 1, 1, '2020-02-23 14:11:49', 1, NULL, NULL),
(350, 'TILE-F-6027 30X30', NULL, 8, 'TILE-F-6027 30X30', NULL, 3, 850, 850, 850, NULL, 0, 0, NULL, 1, 1, '2020-02-23 14:11:49', 1, NULL, NULL),
(351, 'TILE-F-858 30X30', NULL, 8, 'TILE-F-858 30X30', NULL, 3, 850, 850, 850, NULL, 0, 0, NULL, 1, 1, '2020-02-23 14:11:49', 1, NULL, NULL),
(352, 'TILE-F-8690 40X40', NULL, 8, 'TILE-F-8690 40X40', NULL, 3, 930, 930, 930, NULL, 0, 0, NULL, 1, 1, '2020-02-23 14:11:49', 1, NULL, NULL),
(353, 'TILE-F-8691 40X40', NULL, 8, 'TILE-F-8691 40X40', NULL, 3, 930, 930, 930, NULL, 0, 0, NULL, 1, 1, '2020-02-23 14:11:49', 1, NULL, NULL),
(354, 'TILE-F-8693 40X40', NULL, 8, 'TILE-F-8693 40X40', NULL, 3, 930, 930, 930, NULL, 0, 0, NULL, 1, 1, '2020-02-23 14:11:49', 1, NULL, NULL),
(355, 'TILE-F-9207 40X40', NULL, 8, 'TILE-F-9207 40X40', NULL, 3, 930, 930, 930, NULL, 0, 0, NULL, 1, 1, '2020-02-23 14:11:49', 1, NULL, NULL),
(356, 'TILE-F-9213 40X40', NULL, 8, 'TILE-F-9213 40X40', NULL, 3, 930, 930, 930, NULL, 0, 0, NULL, 1, 1, '2020-02-23 14:11:49', 1, NULL, NULL),
(357, 'TILE-F-9216 40X40', NULL, 8, 'TILE-F-9216 40X40', NULL, 3, 930, 930, 930, NULL, 0, 0, NULL, 1, 1, '2020-02-23 14:11:49', 1, NULL, NULL),
(358, 'TILE-F-99633 40X40', NULL, 8, 'TILE-F-99633 40X40', NULL, 3, 930, 930, 930, NULL, 0, 0, NULL, 1, 1, '2020-02-23 14:11:49', 1, NULL, NULL),
(359, 'TILE-F-A IVORY 30X30', NULL, 8, 'TILE-F-A IVORY 30X30', NULL, 3, 850, 850, 850, NULL, 0, 0, NULL, 1, 1, '2020-02-23 14:11:49', 1, NULL, NULL),
(360, 'TILE-F-A-WHITE30X30', NULL, 8, 'TILE-F-A-WHITE30X30', NULL, 3, 850, 850, 850, NULL, 0, 0, NULL, 1, 1, '2020-02-23 14:11:49', 1, NULL, NULL),
(361, 'TILE-F-A.WHITE BOX 30X30', NULL, 8, 'TILE-F-A.WHITE BOX 30X30', NULL, 3, 850, 850, 850, NULL, 0, 0, NULL, 1, 1, '2020-02-23 14:11:49', 1, NULL, NULL),
(362, 'TILE-F-ARRIS WHITE 60X60', NULL, 8, 'TILE-F-ARRIS WHITE 60X60', NULL, 3, 2200, 2200, 2200, NULL, 0, 0, NULL, 1, 1, '2020-02-23 14:11:49', 1, NULL, NULL),
(363, 'TILE-F-BLUE 30X30', NULL, 8, 'TILE-F-BLUE 30X30', NULL, 3, 850, 850, 850, NULL, 0, 0, NULL, 1, 1, '2020-02-23 14:11:49', 1, NULL, NULL),
(364, 'TILE-F-C.C(COPPER CLOUD)30X30', NULL, 8, 'TILE-F-C.C(COPPER CLOUD)30X30', NULL, 3, 850, 850, 850, NULL, 0, 0, NULL, 1, 1, '2020-02-23 14:11:49', 1, NULL, NULL),
(365, 'TILE-F-CANARA 1 40X40', NULL, 8, 'TILE-F-CANARA 1 40X40', NULL, 3, 930, 930, 930, NULL, 0, 0, NULL, 1, 1, '2020-02-23 14:11:49', 1, NULL, NULL),
(366, 'TILE-F-FS2 30X30', NULL, 8, 'TILE-F-FS2 30X30', NULL, 3, 850, 850, 850, NULL, 0, 0, NULL, 1, 1, '2020-02-23 14:11:49', 1, NULL, NULL),
(367, 'TILE-F-FS8/853 30X30', NULL, 8, 'TILE-F-FS8/853 30X30', NULL, 3, 850, 850, 850, NULL, 0, 0, NULL, 1, 1, '2020-02-23 14:11:49', 1, NULL, NULL),
(368, 'TILE-F-GREY30X30', NULL, 8, 'TILE-F-GREY30X30', NULL, 3, 850, 850, 850, NULL, 0, 0, NULL, 1, 1, '2020-02-23 14:11:49', 1, NULL, NULL),
(369, 'TILE-F-IVORY 30X30', NULL, 8, 'TILE-F-IVORY 30X30', NULL, 3, 850, 850, 850, NULL, 0, 0, NULL, 1, 1, '2020-02-23 14:11:49', 1, NULL, NULL),
(370, 'TILE-F-MAGIC WOOD 60X60', NULL, 8, 'TILE-F-MAGIC WOOD 60X60', NULL, 3, 2200, 2200, 2200, NULL, 0, 0, NULL, 1, 1, '2020-02-23 14:11:49', 1, NULL, NULL),
(371, 'TILE-F-NOVA 2 40X40', NULL, 8, 'TILE-F-NOVA 2 40X40', NULL, 3, 930, 930, 930, NULL, 0, 0, NULL, 1, 1, '2020-02-23 14:11:49', 1, NULL, NULL),
(372, 'TILE-F-WHITE 40X40', NULL, 8, 'TILE-F-WHITE 40X40', NULL, 3, 930, 930, 930, NULL, 0, 0, NULL, 1, 1, '2020-02-23 14:11:49', 1, NULL, NULL),
(373, 'TILE-F-WHITE 30X30', NULL, 8, 'TILE-F-WHITE 30X30', NULL, 3, 850, 850, 850, NULL, 0, 0, NULL, 1, 1, '2020-02-23 14:11:49', 1, NULL, NULL),
(374, 'TILE-F-WHITE PLATINUM 30X45', NULL, 8, 'TILE-F-WHITE PLATINUM 30X45', NULL, 3, 900, 900, 900, NULL, 0, 0, NULL, 1, 1, '2020-02-23 14:11:49', 1, NULL, NULL),
(375, 'TILE-F-XG119 30X30 (17PCS)', NULL, 8, 'TILE-F-XG119 30X30 (17PCS)', NULL, 3, 1100, 1100, 1100, NULL, 0, 0, NULL, 1, 1, '2020-02-23 14:11:49', 1, NULL, NULL),
(376, 'TILE-W -1095 LIGHT 30X45', NULL, 8, 'TILE-W -1095 LIGHT 30X45', NULL, 3, 900, 900, 900, NULL, 0, 0, NULL, 1, 1, '2020-02-23 14:11:49', 1, NULL, NULL),
(377, 'TILE-W -1095 DARK 30X45', NULL, 8, 'TILE-W -1095 DARK 30X45', NULL, 3, 900, 900, 900, NULL, 0, 0, NULL, 1, 1, '2020-02-23 14:11:49', 1, NULL, NULL),
(378, 'TILE-W -1095HL 30X45', NULL, 8, 'TILE-W -1095HL 30X45', NULL, 3, 900, 900, 900, NULL, 0, 0, NULL, 1, 1, '2020-02-23 14:11:49', 1, NULL, NULL),
(379, 'TILE-W -BASS WOOD 60X60', NULL, 8, 'TILE-W -BASS WOOD 60X60', NULL, 3, 2200, 2200, 2200, NULL, 0, 0, NULL, 1, 1, '2020-02-23 14:11:49', 1, NULL, NULL),
(380, 'TILE-W- EL18 30X45', NULL, 8, 'TILE-W- EL18 30X45', NULL, 3, 900, 900, 900, NULL, 0, 0, NULL, 1, 1, '2020-02-23 14:11:49', 1, NULL, NULL),
(381, 'TILE-W- PLAIN WHITE 30X45', NULL, 8, 'TILE-W- PLAIN WHITE 30X45', NULL, 3, 900, 900, 900, NULL, 0, 0, NULL, 1, 1, '2020-02-23 14:11:49', 1, NULL, NULL),
(382, 'TILE-W- S.WHITE 20X30', NULL, 8, 'TILE-W- S.WHITE 20X30', NULL, 3, 850, 850, 850, NULL, 0, 0, NULL, 1, 1, '2020-02-23 14:11:49', 1, NULL, NULL),
(383, 'TILE-W-1002 LIGHT 30X45', NULL, 8, 'TILE-W-1002 LIGHT 30X45', NULL, 3, 900, 900, 900, NULL, 0, 0, NULL, 1, 1, '2020-02-23 14:11:49', 1, NULL, NULL),
(384, 'TILE-W-1002 KT 30X45', NULL, 8, 'TILE-W-1002 KT 30X45', NULL, 3, 900, 900, 900, NULL, 0, 0, NULL, 1, 1, '2020-02-23 14:11:49', 1, NULL, NULL),
(385, 'TILE-W-1002 S 30X45', NULL, 8, 'TILE-W-1002 S 30X45', NULL, 3, 900, 900, 900, NULL, 0, 0, NULL, 1, 1, '2020-02-23 14:11:49', 1, NULL, NULL),
(386, 'TILE-W-1008 20X30', NULL, 8, 'TILE-W-1008 20X30', NULL, 3, 850, 850, 850, NULL, 0, 0, NULL, 1, 1, '2020-02-23 14:11:49', 1, NULL, NULL),
(387, 'TILE-W-1017 20X30', NULL, 8, 'TILE-W-1017 20X30', NULL, 3, 850, 850, 850, NULL, 0, 0, NULL, 1, 1, '2020-02-23 14:11:49', 1, NULL, NULL),
(388, 'TILE-W-102 20X30', NULL, 8, 'TILE-W-102 20X30', NULL, 3, 850, 850, 850, NULL, 0, 0, NULL, 1, 1, '2020-02-23 14:11:49', 1, NULL, NULL),
(389, 'TILE-W-1025 20X30', NULL, 8, 'TILE-W-1025 20X30', NULL, 3, 850, 850, 850, NULL, 0, 0, NULL, 1, 1, '2020-02-23 14:11:49', 1, NULL, NULL),
(390, 'TILE-W-1026 20X30', NULL, 8, 'TILE-W-1026 20X30', NULL, 3, 850, 850, 850, NULL, 0, 0, NULL, 1, 1, '2020-02-23 14:11:49', 1, NULL, NULL),
(391, 'TILE-W-1033 20X30', NULL, 8, 'TILE-W-1033 20X30', NULL, 3, 850, 850, 850, NULL, 0, 0, NULL, 1, 1, '2020-02-23 14:11:49', 1, NULL, NULL),
(392, 'TILE-W-1065 LIGHT 30X45', NULL, 8, 'TILE-W-1065 LIGHT 30X45', NULL, 3, 900, 900, 900, NULL, 0, 0, NULL, 1, 1, '2020-02-23 14:11:49', 1, NULL, NULL),
(393, 'TILE-W-1065 DARK 30X45', NULL, 8, 'TILE-W-1065 DARK 30X45', NULL, 3, 900, 900, 900, NULL, 0, 0, NULL, 1, 1, '2020-02-23 14:11:49', 1, NULL, NULL),
(394, 'TILE-W-1065 HL 30X45', NULL, 8, 'TILE-W-1065 HL 30X45', NULL, 3, 900, 900, 900, NULL, 0, 0, NULL, 1, 1, '2020-02-23 14:11:49', 1, NULL, NULL),
(395, 'TILE-W-1182 DARK 30X45', NULL, 8, 'TILE-W-1182 DARK 30X45', NULL, 3, 900, 900, 900, NULL, 0, 0, NULL, 1, 1, '2020-02-23 14:11:49', 1, NULL, NULL),
(396, 'TILE-W-1182 LIGHT 30X45', NULL, 8, 'TILE-W-1182 LIGHT 30X45', NULL, 3, 900, 900, 900, NULL, 0, 0, NULL, 1, 1, '2020-02-23 14:11:49', 1, NULL, NULL),
(397, 'TILE-W-1182 HL 30X45', NULL, 8, 'TILE-W-1182 HL 30X45', NULL, 3, 900, 900, 900, NULL, 0, 0, NULL, 1, 1, '2020-02-23 14:11:49', 1, NULL, NULL),
(398, 'TILE-W-1193 20X30', NULL, 8, 'TILE-W-1193 20X30', NULL, 3, 850, 850, 850, NULL, 0, 0, NULL, 1, 1, '2020-02-23 14:11:49', 1, NULL, NULL),
(399, 'TILE-W-1216 20X30', NULL, 8, 'TILE-W-1216 20X30', NULL, 3, 850, 850, 850, NULL, 0, 0, NULL, 1, 1, '2020-02-23 14:11:49', 1, NULL, NULL),
(400, 'TILE-W-1243 20X30', NULL, 8, 'TILE-W-1243 20X30', NULL, 3, 850, 850, 850, NULL, 0, 0, NULL, 1, 1, '2020-02-23 14:11:49', 1, NULL, NULL),
(401, 'TILE-W-1245 20X30', NULL, 8, 'TILE-W-1245 20X30', NULL, 3, 850, 850, 850, NULL, 0, 0, NULL, 1, 1, '2020-02-23 14:11:49', 1, NULL, NULL),
(402, 'TILE-W-15 LIGHT 30X45', NULL, 8, 'TILE-W-15 LIGHT 30X45', NULL, 3, 900, 900, 900, NULL, 0, 0, NULL, 1, 1, '2020-02-23 14:11:49', 1, NULL, NULL),
(403, 'TILE-W-15 DARK 30X45', NULL, 8, 'TILE-W-15 DARK 30X45', NULL, 3, 900, 900, 900, NULL, 0, 0, NULL, 1, 1, '2020-02-23 14:11:49', 1, NULL, NULL),
(404, 'TILE-W-15 HL 30X45', NULL, 8, 'TILE-W-15 HL 30X45', NULL, 3, 900, 900, 900, NULL, 0, 0, NULL, 1, 1, '2020-02-23 14:11:49', 1, NULL, NULL),
(405, 'TILE-W-18 LIGHT 30X45', NULL, 8, 'TILE-W-18 LIGHT 30X45', NULL, 3, 900, 900, 900, NULL, 0, 0, NULL, 1, 1, '2020-02-23 14:11:49', 1, NULL, NULL),
(406, 'TILE-W-18 DARK  30X46', NULL, 8, 'TILE-W-18 DARK  30X46', NULL, 3, 901, 901, 901, NULL, 0, 0, NULL, 1, 1, '2020-02-23 14:11:49', 1, NULL, NULL),
(407, 'TILE-W-18 HL 30X47', NULL, 8, 'TILE-W-18 HL 30X47', NULL, 3, 902, 902, 902, NULL, 0, 0, NULL, 1, 1, '2020-02-23 14:11:49', 1, NULL, NULL),
(408, 'TILE-W-2008 30X45', NULL, 8, 'TILE-W-2008 30X45', NULL, 3, 900, 900, 900, NULL, 0, 0, NULL, 1, 1, '2020-02-23 14:11:49', 1, NULL, NULL),
(409, 'TILE-W-20135 50X50', NULL, 8, 'TILE-W-20135 50X50', NULL, 3, 1770, 1770, 1770, NULL, 0, 0, NULL, 1, 1, '2020-02-23 14:11:49', 1, NULL, NULL),
(410, 'TILE-W-2253/508 20X30', NULL, 8, 'TILE-W-2253/508 20X30', NULL, 3, 850, 850, 850, NULL, 0, 0, NULL, 1, 1, '2020-02-23 14:11:49', 1, NULL, NULL),
(411, 'TILE-W-27 LIGHT 30X45', NULL, 8, 'TILE-W-27 LIGHT 30X45', NULL, 3, 900, 900, 900, NULL, 0, 0, NULL, 1, 1, '2020-02-23 14:11:49', 1, NULL, NULL),
(412, 'TILE-W-27 DARK 30X45', NULL, 8, 'TILE-W-27 DARK 30X45', NULL, 3, 900, 900, 900, NULL, 0, 0, NULL, 1, 1, '2020-02-23 14:11:49', 1, NULL, NULL),
(413, 'TILE-W-27 HL 30X45', NULL, 8, 'TILE-W-27 HL 30X45', NULL, 3, 900, 900, 900, NULL, 0, 0, NULL, 1, 1, '2020-02-23 14:11:49', 1, NULL, NULL),
(414, 'TILE-W-32 LIGHT 30X45', NULL, 8, 'TILE-W-32 LIGHT 30X45', NULL, 3, 900, 900, 900, NULL, 0, 0, NULL, 1, 1, '2020-02-23 14:11:49', 1, NULL, NULL),
(415, 'TILE-W-32 DARK 30X45', NULL, 8, 'TILE-W-32 DARK 30X45', NULL, 3, 900, 900, 900, NULL, 0, 0, NULL, 1, 1, '2020-02-23 14:11:49', 1, NULL, NULL),
(416, 'TILE-W-32 HL 30X45', NULL, 8, 'TILE-W-32 HL 30X45', NULL, 3, 900, 900, 900, NULL, 0, 0, NULL, 1, 1, '2020-02-23 14:11:49', 1, NULL, NULL),
(417, 'TILE-W-39 LIGHT 30X45', NULL, 8, 'TILE-W-39 LIGHT 30X45', NULL, 3, 900, 900, 900, NULL, 0, 0, NULL, 1, 1, '2020-02-23 14:11:49', 1, NULL, NULL),
(418, 'TILE-W-39 DARK 30X45', NULL, 8, 'TILE-W-39 DARK 30X45', NULL, 3, 900, 900, 900, NULL, 0, 0, NULL, 1, 1, '2020-02-23 14:11:49', 1, NULL, NULL),
(419, 'TILE-W-39 HL 30X45', NULL, 8, 'TILE-W-39 HL 30X45', NULL, 3, 900, 900, 900, NULL, 0, 0, NULL, 1, 1, '2020-02-23 14:11:49', 1, NULL, NULL),
(420, 'TILE-W-45 LIGHT 30X45', NULL, 8, 'TILE-W-45 LIGHT 30X45', NULL, 3, 900, 900, 900, NULL, 0, 0, NULL, 1, 1, '2020-02-23 14:11:49', 1, NULL, NULL),
(421, 'TILE-W-45 DARK 30X45', NULL, 8, 'TILE-W-45 DARK 30X45', NULL, 3, 900, 900, 900, NULL, 0, 0, NULL, 1, 1, '2020-02-23 14:11:49', 1, NULL, NULL),
(422, 'TILE-W-45 HL 30X45', NULL, 8, 'TILE-W-45 HL 30X45', NULL, 3, 900, 900, 900, NULL, 0, 0, NULL, 1, 1, '2020-02-23 14:11:49', 1, NULL, NULL),
(423, 'TILE-W-46 LIGHT 30X45', NULL, 8, 'TILE-W-46 LIGHT 30X45', NULL, 3, 900, 900, 900, NULL, 0, 0, NULL, 1, 1, '2020-02-23 14:11:49', 1, NULL, NULL),
(424, 'TILE-W-46 DARK 30X45', NULL, 8, 'TILE-W-46 DARK 30X45', NULL, 3, 900, 900, 900, NULL, 0, 0, NULL, 1, 1, '2020-02-23 14:11:49', 1, NULL, NULL),
(425, 'TILE-W-46 HL 30X45', NULL, 8, 'TILE-W-46 HL 30X45', NULL, 3, 900, 900, 900, NULL, 0, 0, NULL, 1, 1, '2020-02-23 14:11:49', 1, NULL, NULL),
(426, 'TILE-W-505 20X30', NULL, 8, 'TILE-W-505 20X30', NULL, 3, 850, 850, 850, NULL, 0, 0, NULL, 1, 1, '2020-02-23 14:11:49', 1, NULL, NULL),
(427, 'TILE-W-54 LIGHT 30X45', NULL, 8, 'TILE-W-54 LIGHT 30X45', NULL, 3, 900, 900, 900, NULL, 0, 0, NULL, 1, 1, '2020-02-23 14:11:49', 1, NULL, NULL),
(428, 'TILE-W-54 DARK 30X45', NULL, 8, 'TILE-W-54 DARK 30X45', NULL, 3, 900, 900, 900, NULL, 0, 0, NULL, 1, 1, '2020-02-23 14:11:49', 1, NULL, NULL),
(429, 'TILE-W-54 HL 30X45', NULL, 8, 'TILE-W-54 HL 30X45', NULL, 3, 900, 900, 900, NULL, 0, 0, NULL, 1, 1, '2020-02-23 14:11:49', 1, NULL, NULL),
(430, 'TILE-W-6014 60X60', NULL, 8, 'TILE-W-6014 60X60', NULL, 3, 2200, 2200, 2200, NULL, 0, 0, NULL, 1, 1, '2020-02-23 14:11:49', 1, NULL, NULL),
(431, 'TILE-W-CHEX WHITE BIG 30X45', NULL, 8, 'TILE-W-CHEX WHITE BIG 30X45', NULL, 3, 900, 900, 900, NULL, 0, 0, NULL, 1, 1, '2020-02-23 14:11:49', 1, NULL, NULL),
(432, 'TILE-W-CRYSTAL BEIGE 60X60', NULL, 8, 'TILE-W-CRYSTAL BEIGE 60X60', NULL, 3, 2200, 2200, 2200, NULL, 0, 0, NULL, 1, 1, '2020-02-23 14:11:49', 1, NULL, NULL),
(433, 'TILE-W-CRYSTAL GOLD 60X60', NULL, 8, 'TILE-W-CRYSTAL GOLD 60X60', NULL, 3, 2200, 2200, 2200, NULL, 0, 0, NULL, 1, 1, '2020-02-23 14:11:49', 1, NULL, NULL),
(434, 'TILE-W-EL23 30X45', NULL, 8, 'TILE-W-EL23 30X45', NULL, 3, 900, 900, 900, NULL, 0, 0, NULL, 1, 1, '2020-02-23 14:11:49', 1, NULL, NULL),
(435, 'TILE-W-GREY PLAIN 20X30', NULL, 8, 'TILE-W-GREY PLAIN 20X30', NULL, 3, 850, 850, 850, NULL, 0, 0, NULL, 1, 1, '2020-02-23 14:11:49', 1, NULL, NULL),
(436, 'TILE-W-IVORY PLAIN 20X30', NULL, 8, 'TILE-W-IVORY PLAIN 20X30', NULL, 3, 850, 850, 850, NULL, 0, 0, NULL, 1, 1, '2020-02-23 14:11:49', 1, NULL, NULL),
(437, 'TILE-W-SATTIN WHITE MATT60X60', NULL, 8, 'TILE-W-SATTIN WHITE MATT60X60', NULL, 3, 2200, 2200, 2200, NULL, 0, 0, NULL, 1, 1, '2020-02-23 14:11:49', 1, NULL, NULL),
(438, 'TILE-W-SMALL CHEX WHITE 30X45', NULL, 8, 'TILE-W-SMALL CHEX WHITE 30X45', NULL, 3, 900, 900, 900, NULL, 0, 0, NULL, 1, 1, '2020-02-23 14:11:49', 1, NULL, NULL),
(439, 'TILE-XG 161 3030 (17)', NULL, 8, 'TILE-XG 161 3030 (17)', NULL, 3, 1100, 1100, 1100, NULL, 0, 0, NULL, 1, 1, '2020-02-23 14:11:49', 1, NULL, NULL),
(440, 'TILE/CORNER STRIPS ALUM', '', 3, 'TILE/CORNER STRIPS ALUM', 180, 8, 300, 300, 350, NULL, 0, 0, NULL, 1, 1, '2020-02-23 14:11:49', 1, 11, '2020-06-11 11:38:07'),
(441, 'TILES -F-9225 40X40', NULL, 8, 'TILES -F-9225 40X40', NULL, 3, 930, 930, 930, NULL, 0, 0, NULL, 1, 1, '2020-02-23 14:11:49', 1, NULL, NULL),
(442, 'TOILET DECORATED', NULL, 5, 'TOILET DECORATED', NULL, 8, 18500, 18500, 18500, NULL, 0, 0, NULL, 1, 1, '2020-02-23 14:11:49', 1, NULL, NULL),
(443, 'TOILET SET COUPLE COLOUR BLUE', NULL, 5, 'TOILET SET COUPLE COLOUR BLUE', NULL, 8, 9950, 9950, 9950, NULL, 0, 0, NULL, 1, 1, '2020-02-23 14:11:49', 1, NULL, NULL),
(444, 'TOILET SET COUPLE COLOUR CREAM', NULL, 5, 'TOILET SET COUPLE COLOUR CREAM', NULL, 8, 9950, 9950, 9950, NULL, 0, 0, NULL, 1, 1, '2020-02-23 14:11:49', 1, NULL, NULL),
(445, 'TOILET SET COUPLE COLOUR BEIGE', NULL, 5, 'TOILET SET COUPLE COLOUR BEIGE', NULL, 8, 9950, 9950, 9950, NULL, 0, 0, NULL, 1, 1, '2020-02-23 14:11:49', 1, NULL, NULL),
(446, 'TOILET SET COUPLE WHITE IND', NULL, 5, 'TOILET SET COUPLE WHITE IND', NULL, 8, 9950, 9950, 9950, NULL, 0, 0, NULL, 1, 1, '2020-02-23 14:11:49', 1, NULL, NULL),
(447, 'TOWER BOLT 6', NULL, 3, 'TOWER BOLT 6', NULL, 8, 100, 100, 100, NULL, 0, 0, NULL, 1, 1, '2020-02-23 14:11:49', 1, NULL, NULL),
(448, 'TURPENTINE 1 LTR', '', 3, 'TURPENTINE 1 LTR', 180, 10, 220, 220, 200, NULL, 0, 0, NULL, 1, 1, '2020-02-23 14:11:49', 1, 10, '2020-09-29 10:03:32'),
(449, 'TURPENTINE 5 LTR', '', 3, 'TURPENTINE 5 LTR', 680, 10, 720, 720, 700, NULL, 0, 0, NULL, 1, 1, '2020-02-23 14:11:49', 1, 10, '2020-09-29 10:03:59'),
(450, 'U NAILS', '', 3, 'U NAILS', 156, 5, 200, 200, 220, NULL, 0, 0, NULL, 1, 1, '2020-02-23 14:11:49', 1, 11, '2020-06-11 11:39:01'),
(451, 'UNION LOCK', NULL, 3, 'UNION LOCK', NULL, 8, 1800, 1800, 1800, NULL, 0, 0, NULL, 1, 1, '2020-02-23 14:11:49', 1, NULL, NULL),
(452, 'WALL PASS/HOOP IRON', '', 3, 'WALL PASS/HOOP IRON', 135, 5, 150, 160, 150, NULL, 0, 0, NULL, 1, 1, '2020-02-23 14:11:49', 1, 10, '2020-07-09 07:38:29'),
(453, 'WALL PASS/HOOP IRON ROLL', '', 3, 'WALL PASS/HOOP IRON ROLL', 2650, 9, 2900, 2900, 2900, NULL, 0, 0, NULL, 1, 1, '2020-02-23 14:11:49', 1, 11, '2020-06-11 11:36:42'),
(454, 'WATER PROOF CEMENT PUDLO', '', 3, 'WATER PROOF CEMENT PUDLO', 60, 7, 100, 100, 120, NULL, 0, 0, NULL, 1, 1, '2020-02-23 14:11:49', 1, 11, '2020-06-11 11:37:29'),
(455, 'EL 20 30X45', '', 8, 'EL 20 30X45', 700, 7, 900, 900, 150, NULL, 10, 0, NULL, 1, 1, '2020-02-23 14:11:49', 1, 10, '2020-08-11 16:29:36'),
(456, 'WELD MESH MEDIUM GAUGE', '', 3, 'WELD MESH MEDIUM GAUGE', 600, 8, 650, 650, 500, NULL, 0, 0, NULL, 1, 1, '2020-02-23 14:11:49', 1, 10, '2020-09-29 10:09:05'),
(457, 'WELD ROD GOLDEN 2.5MM KGS', NULL, 3, 'WELD ROD GOLDEN 2.5MM KGS', NULL, 5, 200, 200, 200, NULL, 0, 0, NULL, 1, 1, '2020-02-23 14:11:49', 1, NULL, NULL),
(458, 'WELD RODS G10 3.2 MM FONTARC', NULL, 3, 'WELD RODS G10 3.2 MM FONTARC', NULL, 5, 230, 230, 230, NULL, 0, 0, NULL, 1, 1, '2020-02-23 14:11:49', 1, NULL, NULL),
(459, 'WELD RODS G10 3.2 MM FONTARC PKT', '', 3, 'WELD RODS G10 3.2 MM FONTARC PKT', 950, 7, 1000, 1000, 1050, NULL, 0, 0, NULL, 1, 1, '2020-02-23 14:11:49', 1, 11, '2020-06-11 11:34:27'),
(460, 'WELD RODS G10 3.2 MM GOLDEN', '', 3, 'WELD RODS G10 3.2 MM GOLDEN', 900, 7, 950, 950, 900, NULL, 0, 0, NULL, 1, 1, '2020-02-23 14:11:49', 1, 10, '2020-04-30 11:27:47'),
(461, 'WELD RODS G12 2.5MM FONTARC', NULL, 3, 'WELD RODS G12 2.5MM FONTARC', NULL, 5, 230, 230, 230, NULL, 0, 0, NULL, 1, 1, '2020-02-23 14:11:49', 1, NULL, NULL),
(462, 'WELD RODS G12 2.5MM FONTARC PKT', '', 3, 'WELD RODS G12 2.5MM FONTARC PKT', 950, 7, 1000, 1000, 1050, NULL, 0, 0, NULL, 1, 1, '2020-02-23 14:11:49', 1, 11, '2020-06-11 11:34:59'),
(463, 'WELD RODS G12 2.5MM GOLDEN', '', 3, 'WELD RODS G12 2.5MM GOLDEN', 850, 7, 950, 950, 450, NULL, 0, 0, NULL, 1, 1, '2020-02-23 14:11:49', 1, 11, '2020-10-27 10:04:30'),
(464, 'WELDMESH L IGHT GAUGE', NULL, 3, 'WELDMESH L IGHT GAUGE', NULL, 8, 400, 400, 400, NULL, 0, 0, NULL, 1, 1, '2020-02-23 14:11:49', 1, NULL, NULL),
(465, 'WHEEL BARROW(RLNC)', NULL, 3, 'WHEEL BARROW(RLNC)', NULL, 8, 3300, 3300, 3300, NULL, 0, 0, NULL, 1, 1, '2020-02-23 14:11:49', 1, NULL, NULL),
(466, 'WHITE PLAIN 20X30', NULL, 3, 'WHITE PLAIN 20X30', NULL, 3, 850, 850, 850, NULL, 0, 0, NULL, 1, 1, '2020-02-23 14:11:49', 1, NULL, NULL),
(467, 'WHITE WASH  25KG', '', 3, 'WHITE WASH 25KG', 550, 1, 600, 600, 650, NULL, 0, 0, NULL, 1, 1, '2020-02-23 14:11:49', 1, 10, '2020-05-28 10:51:06'),
(468, 'WINDOW HANDLE LEFT HAND BRASS', NULL, 3, 'WINDOW HANDLE LEFT HAND BRASS', NULL, 8, 150, 150, 150, NULL, 0, 0, NULL, 1, 1, '2020-02-23 14:11:49', 1, NULL, NULL),
(469, 'WINDOW HANDLE RIGHT HAND BRASS', NULL, 3, 'WINDOW HANDLE RIGHT HAND BRASS', NULL, 8, 150, 150, 150, NULL, 0, 0, NULL, 1, 1, '2020-02-23 14:11:49', 1, NULL, NULL),
(470, 'WINDOW STAY BRASS', NULL, 3, 'WINDOW STAY BRASS', NULL, 8, 160, 160, 160, NULL, 0, 0, NULL, 1, 1, '2020-02-23 14:11:49', 1, NULL, NULL),
(471, 'WIRE BRUSH PLASIC HANDLE 5ROW', NULL, 3, 'WIRE BRUSH PLASIC HANDLE 5ROW', NULL, 8, 150, 150, 150, NULL, 0, 0, NULL, 1, 1, '2020-02-23 14:11:49', 1, NULL, NULL),
(472, 'WIRE BRUSH PLASTIC HANDLE 6ROW', NULL, 3, 'WIRE BRUSH PLASTIC HANDLE 6ROW', NULL, 8, 150, 150, 150, NULL, 0, 0, NULL, 1, 1, '2020-02-23 14:11:49', 1, NULL, NULL),
(473, 'WIRE NAILS 1', NULL, 3, 'WIRE NAILS 1', NULL, 5, 200, 200, 200, NULL, 0, 0, NULL, 1, 1, '2020-02-23 14:11:49', 1, NULL, NULL),
(474, 'WIRE NAILS 1.5', NULL, 3, 'WIRE NAILS 1.5', NULL, 5, 200, 200, 200, NULL, 0, 0, NULL, 1, 1, '2020-02-23 14:11:49', 1, NULL, NULL),
(475, 'WIRE NAILS 2', '', 3, 'WIRE NAILS 2', 92, 5, 150, 150, 130, NULL, 0, 0, NULL, 1, 1, '2020-02-23 14:11:49', 1, 11, '2020-09-21 12:25:14'),
(476, 'WIRE NAILS 2.5', '', 3, 'WIRE NAILS 2.5', 92, 5, 150, 150, 130, NULL, 0, 0, NULL, 1, 1, '2020-02-23 14:11:49', 1, 11, '2020-09-21 12:26:25'),
(477, 'WIRE NAILS 3', '', 3, 'WIRE NAILS 3', 120, 5, 150, 150, 130, NULL, 0, 0, NULL, 1, 1, '2020-02-23 14:11:49', 1, 11, '2020-09-21 12:27:18'),
(478, 'WIRE NAILS 4', '', 3, 'WIRE NAILS 4', 120, 5, 150, 150, 130, NULL, 0, 0, NULL, 1, 1, '2020-02-23 14:11:49', 1, 11, '2020-09-21 12:27:53'),
(479, 'WIRE NAILS 5', '', 3, 'WIRE NAILS 5', 92, 5, 150, 150, 130, NULL, 0, 0, NULL, 1, 1, '2020-02-23 14:11:49', 1, 11, '2020-09-21 12:28:56'),
(480, 'WIRE NAILS 6', '', 3, 'WIRE NAILS 6', 92, 5, 150, 150, 130, NULL, 0, 0, NULL, 1, 1, '2020-02-23 14:11:49', 1, 11, '2020-09-21 12:29:37'),
(481, 'WOOD GLUE HARMONY 250ML', NULL, 3, 'WOOD GLUE HARMONY 250ML', NULL, 10, 160, 160, 160, NULL, 0, 0, NULL, 1, 1, '2020-02-23 14:11:49', 1, NULL, NULL),
(482, 'WOOD GLUE PONAL PROF 1/2LTR', NULL, 3, 'WOOD GLUE PONAL PROF 1/2LTR', NULL, 10, 300, 300, 300, NULL, 0, 0, NULL, 1, 1, '2020-02-23 14:11:49', 1, NULL, NULL),
(483, 'WOOD GLUE PONAL PROF 1/4LTR', NULL, 3, 'WOOD GLUE PONAL PROF 1/4LTR', NULL, 10, 180, 180, 180, NULL, 0, 0, NULL, 1, 1, '2020-02-23 14:11:49', 1, NULL, NULL),
(484, 'WOOD PRESERVATIVES 20LTR GREEN', '', 3, 'WOOD PRESERVATIVES 20LTR GREEN', 750, 10, 800, 800, 850, NULL, 0, 0, NULL, 1, 1, '2020-02-23 14:11:49', 1, 10, '2020-07-09 15:15:16'),
(485, 'WOOD SCREW SINGLE 1\"', NULL, 3, 'WOOD SCREW SINGLE 1\"', NULL, 8, 5, 5, 5, NULL, 0, 0, NULL, 1, 1, '2020-02-23 14:11:49', 1, NULL, NULL),
(486, 'WOOD SCREW SINGLE 3/4', NULL, 3, 'WOOD SCREW SINGLE 3/4', NULL, 8, 5, 5, 5, NULL, 0, 0, NULL, 1, 1, '2020-02-23 14:11:49', 1, NULL, NULL),
(487, 'WOOD SCREWS 11/2', NULL, 3, 'WOOD SCREWS 11/2', NULL, 7, 160, 160, 160, NULL, 0, 0, NULL, 1, 1, '2020-02-23 14:11:49', 1, NULL, NULL),
(488, 'WOOD SCREWS 3/4', NULL, 3, 'WOOD SCREWS 3/4', NULL, 7, 60, 60, 60, NULL, 0, 0, NULL, 1, 1, '2020-02-23 14:11:49', 1, NULL, NULL),
(489, 'WOOD SCREWS SINGLE 1 1/2', NULL, 3, 'WOOD SCREWS SINGLE 1 1/2', NULL, 8, 5, 5, 5, NULL, 0, 0, NULL, 1, 1, '2020-02-23 14:11:49', 1, NULL, NULL),
(490, 'ZED BAR 1', NULL, 7, 'ZED BAR 1', NULL, 8, 1150, 1150, 1150, NULL, 0, 0, NULL, 1, 1, '2020-02-23 14:11:49', 1, NULL, NULL),
(491, 'ZED BAR 3/4', '', 7, 'ZED BAR 3/4', 770, 8, 800, 800, 780, NULL, 0, 0, NULL, 1, 1, '2020-02-23 14:11:49', 1, 11, '2020-10-23 11:10:20'),
(492, 'MAROO CREAM EMULSION', '', 4, 'PAINT', 350, 10, 550, 550, 0, '', 2, NULL, NULL, 1, 1, '2020-07-09 10:37:24', 11, NULL, NULL),
(493, 'BRILLIANT WHITE EMULSION BASCO', '', 4, 'PAINT', 450, 10, 550, 550, 0, '', 2, NULL, NULL, 1, 1, '2020-07-09 10:40:38', 11, NULL, NULL),
(494, 'PONAL 1/2 LTR PROFESSIONAL', '', 3, 'GLUE', 250, 10, 300, 300, 0, '', 5, NULL, NULL, 1, 1, '2020-07-09 10:45:52', 11, NULL, NULL),
(495, 'SLASHER ', '', 7, 'STEEL', 200, 8, 250, 250, 0, '', 3, NULL, NULL, 1, 1, '2020-07-09 10:47:16', 11, NULL, NULL),
(496, 'BRILLINT WHITE EMULSION 4LTR ', '', 4, 'PAINT', 450, 10, 550, 550, 0, '', 2, NULL, NULL, 1, 1, '2020-07-09 10:53:28', 11, NULL, NULL),
(497, 'TILE EL 14061', '', 8, 'EL 14061', 700, 3, 900, 900, 0, '', 10, NULL, NULL, 1, 1, '2020-08-11 16:32:08', 10, NULL, NULL),
(498, 'BUTT HINGES 3\"', '', 7, 'STEEL', 15, 8, 25, 25, 0, '', 5, NULL, NULL, 1, 1, '2020-09-17 12:07:22', 11, NULL, NULL),
(499, 'WELDING GOLDEN', '', 3, 'GENERAL', 850, 7, 950, 950, 0, '', 2, NULL, NULL, 1, 1, '2020-09-29 09:54:10', 10, NULL, NULL),
(500, 'PANGA', '', 7, 'STEE', 150, 8, 200, 200, 0, '', 5, NULL, NULL, 1, 1, '2020-10-08 10:38:10', 11, NULL, NULL),
(501, 'MAROO DUTCH BLUE 1LTR', '', 4, 'MAROO DUTCH BLUE', 200, 10, 250, 250, 0, '', 5, NULL, NULL, 1, 1, '2020-10-22 16:48:59', 10, 10, '2020-10-22 16:50:40'),
(502, 'MAROO DUTCH BLUE 1/2 LTR', '', 4, 'MAROO DUTCH BLUE 1/2 LTR', 120, 10, 150, 150, 0, '', 5, NULL, NULL, 1, 1, '2020-10-22 16:52:43', 10, NULL, NULL),
(503, 'MAROO SAFARICOM GREEN 1 LTR', '', 4, 'MAROO SAFARICOM GREEN 1LTR', 200, 10, 250, 250, 0, '', 5, NULL, NULL, 1, 1, '2020-10-22 16:55:04', 10, NULL, NULL),
(504, 'MAROO SAFARICOM GREEN 1/2 LTR', '', 4, 'MAROO SAFARICOM GREEN 1/2 LTR', 120, 10, 150, 120, 0, '', 5, NULL, NULL, 1, 1, '2020-10-22 16:58:29', 10, NULL, NULL),
(505, 'MAROO WHITE 1 LTR', '', 4, 'MAROO WHITE 1 LTR', 200, 10, 250, 250, 0, '', 5, NULL, NULL, 1, 1, '2020-10-22 17:04:20', 10, NULL, NULL),
(506, 'MAROO BLACK 1/4 LTR', '', 4, 'MAROO BLACK 1/4 LTR', 65, 10, 100, 100, 0, '', 5, NULL, NULL, 1, 1, '2020-10-22 17:05:36', 10, NULL, NULL),
(507, 'MAROO DARK GREY 1 LTR', '', 4, 'MAROO DARK GREY 1 LTR', 200, 10, 250, 250, 0, '', 5, NULL, NULL, 1, 1, '2020-10-22 17:06:37', 10, NULL, NULL),
(508, 'BASCO EMULSION B/BLUE 4LTRS', '', 4, 'BASCO EMULSION B/BLUE 4 LTRS', 450, 10, 550, 550, 0, '', 5, NULL, NULL, 1, 1, '2020-10-22 17:08:17', 10, NULL, NULL),
(509, 'CLAW HAMMER 29MM', '', 3, 'CLAW HAMMER 29MM', 320, 8, 350, 350, 0, '', 5, NULL, NULL, 1, 1, '2020-10-22 17:19:10', 10, NULL, NULL),
(510, 'STEEL NAIL 2 SINGLE', '', 7, 'STEEL', 2, 8, 5, 5, 0, '', 10, NULL, NULL, 1, 1, '2020-10-24 15:30:19', 11, NULL, NULL),
(511, 'CONTA 1/4L', '', 3, 'GENERAL', 245, 10, 275, 275, 0, '', 5, NULL, NULL, 1, 1, '2020-10-28 16:55:09', 11, NULL, NULL),
(512, 'BUTT HINGES 2\"', '', 3, 'GENERAL', 4, 8, 15, 15, 0, '', 10, NULL, NULL, 1, 1, '2020-10-28 17:03:59', 11, NULL, NULL),
(513, 'BUTT HINGES 2 1/2\"', '', 3, 'GENERAL', 7, 8, 20, 20, 0, '', 10, NULL, NULL, 1, 1, '2020-10-28 17:06:07', 11, NULL, NULL),
(514, 'PLIERS 6\"', '', 3, 'GENERAL', 150, 8, 180, 180, 0, '', 10, NULL, NULL, 1, 1, '2020-10-28 17:07:46', 11, NULL, NULL),
(515, 'PLIERS 7\"', '', 3, 'GENERAL', 160, 8, 200, 0.01, 0, '', 10, NULL, NULL, 1, 1, '2020-10-28 17:08:57', 11, NULL, NULL),
(516, 'FILE ', '', 3, 'GENERAL', 85, 8, 120, 120, 0, '', 5, NULL, NULL, 1, 1, '2020-10-28 17:10:31', 11, NULL, NULL),
(517, 'HACKSAW', '', 3, 'GENERAL', 220, 8, 250, 250, 0, '', 5, NULL, NULL, 1, 1, '2020-10-28 17:12:02', 11, NULL, NULL),
(518, 'PLUMB BOUB', '', 3, 'GENERAL', 140, 8, 170, 170, 0, '', 5, NULL, NULL, 1, 1, '2020-10-28 17:13:09', 11, NULL, NULL),
(519, 'MAROO BLACK 4L GLOSS', '', 4, 'PAINT', 650, 10, 750, 750, 0, '', 3, NULL, NULL, 1, 1, '2020-10-28 17:34:15', 11, NULL, NULL),
(520, 'RUBBER WASHER GREY', '', 3, 'RUBBER WASHER GREY', 50, 7, 100, 100, 0, '', 10, NULL, NULL, 1, 1, '2020-11-17 08:15:28', 10, NULL, NULL);

-- --------------------------------------------------------

--
-- Table structure for table `bf_vision_product_categories`
--

DROP TABLE IF EXISTS `bf_vision_product_categories`;
CREATE TABLE IF NOT EXISTS `bf_vision_product_categories` (
  `id` int NOT NULL AUTO_INCREMENT,
  `name` varchar(50) CHARACTER SET latin1 COLLATE latin1_swedish_ci NOT NULL,
  `status` tinyint NOT NULL DEFAULT '1' COMMENT '1:active,0:inactive',
  `created_on` datetime NOT NULL,
  `created_by` int NOT NULL,
  `modified_on` datetime DEFAULT NULL,
  `modified_by` int DEFAULT NULL,
  PRIMARY KEY (`id`)
) ENGINE=InnoDB AUTO_INCREMENT=9 DEFAULT CHARSET=utf8 COMMENT='product categories ';

--
-- Dumping data for table `bf_vision_product_categories`
--

INSERT INTO `bf_vision_product_categories` (`id`, `name`, `status`, `created_on`, `created_by`, `modified_on`, `modified_by`) VALUES
(1, 'Barbed Wire', 1, '2020-02-23 13:58:39', 1, NULL, NULL),
(2, 'Cement', 1, '2020-02-23 13:58:39', 1, NULL, NULL),
(3, 'General', 1, '2020-02-23 13:58:39', 1, NULL, NULL),
(4, 'Paint', 1, '2020-02-23 13:58:39', 1, NULL, NULL),
(5, 'Plumbing', 1, '2020-02-23 13:58:39', 1, NULL, NULL),
(6, 'Roofing Sheet', 1, '2020-02-23 13:58:39', 1, NULL, NULL),
(7, 'Steel', 1, '2020-02-23 13:58:39', 1, NULL, NULL),
(8, 'Tile', 1, '2020-02-23 13:58:39', 1, NULL, NULL);

-- --------------------------------------------------------

--
-- Table structure for table `bf_vision_product_wholesale_units`
--

DROP TABLE IF EXISTS `bf_vision_product_wholesale_units`;
CREATE TABLE IF NOT EXISTS `bf_vision_product_wholesale_units` (
  `id` int NOT NULL AUTO_INCREMENT,
  `product_id` int NOT NULL,
  `wholesale_retail_unit` int NOT NULL,
  `status` tinyint NOT NULL,
  `created_on` datetime NOT NULL,
  `created_by` int NOT NULL,
  `modified_on` datetime DEFAULT NULL,
  `modified_by` int DEFAULT NULL,
  PRIMARY KEY (`id`)
) ENGINE=InnoDB DEFAULT CHARSET=utf8;

-- --------------------------------------------------------

--
-- Table structure for table `bf_vision_retail_units`
--

DROP TABLE IF EXISTS `bf_vision_retail_units`;
CREATE TABLE IF NOT EXISTS `bf_vision_retail_units` (
  `id` int NOT NULL AUTO_INCREMENT,
  `unit_name` varchar(50) CHARACTER SET latin1 COLLATE latin1_swedish_ci NOT NULL,
  `status` tinyint NOT NULL DEFAULT '1' COMMENT '1:active,0:inactive',
  `created_on` datetime NOT NULL,
  `created_by` int NOT NULL,
  `modified_on` datetime DEFAULT NULL,
  `modified_by` int DEFAULT NULL,
  PRIMARY KEY (`id`)
) ENGINE=InnoDB AUTO_INCREMENT=12 DEFAULT CHARSET=utf8 COMMENT='Retail product units defination ';

--
-- Dumping data for table `bf_vision_retail_units`
--

INSERT INTO `bf_vision_retail_units` (`id`, `unit_name`, `status`, `created_on`, `created_by`, `modified_on`, `modified_by`) VALUES
(1, 'Bags', 1, '2020-02-23 14:00:30', 1, NULL, NULL),
(2, 'Bottles', 1, '2020-02-23 14:00:30', 1, NULL, NULL),
(3, 'Cartons', 1, '2020-02-23 14:00:30', 1, NULL, NULL),
(4, 'Jericans', 1, '2020-02-23 14:00:30', 1, NULL, NULL),
(5, 'Kgs', 1, '2020-02-23 14:00:30', 1, NULL, NULL),
(6, 'Meters', 1, '2020-02-23 14:00:30', 1, NULL, NULL),
(7, 'Packets', 1, '2020-02-23 14:00:30', 1, NULL, NULL),
(8, 'Pieces', 1, '2020-02-23 14:00:30', 1, NULL, NULL),
(9, 'Rolls', 1, '2020-02-23 14:00:30', 1, NULL, NULL),
(10, 'Tins', 1, '2020-02-23 14:00:30', 1, NULL, NULL),
(11, 'Tubes', 1, '2020-02-23 14:00:30', 1, NULL, NULL);

-- --------------------------------------------------------

--
-- Table structure for table `bf_vision_sales`
--

DROP TABLE IF EXISTS `bf_vision_sales`;
CREATE TABLE IF NOT EXISTS `bf_vision_sales` (
  `id` int NOT NULL AUTO_INCREMENT,
  `product_id` int NOT NULL,
  `bill_id` int NOT NULL,
  `stock_shop_id` int NOT NULL,
  `selling_price` double NOT NULL,
  `qty` float NOT NULL,
  `vat` double DEFAULT NULL,
  `status` tinyint NOT NULL,
  `created_on` datetime NOT NULL,
  `created_by` int NOT NULL,
  `modified_on` datetime DEFAULT NULL,
  `modified_by` int DEFAULT NULL,
  PRIMARY KEY (`id`)
) ENGINE=InnoDB AUTO_INCREMENT=11968 DEFAULT CHARSET=utf8 COMMENT='Handles item sales';

-- --------------------------------------------------------

--
-- Table structure for table `bf_vision_shop_orders`
--

DROP TABLE IF EXISTS `bf_vision_shop_orders`;
CREATE TABLE IF NOT EXISTS `bf_vision_shop_orders` (
  `id` int NOT NULL AUTO_INCREMENT,
  `order_date` datetime NOT NULL,
  `comments` text,
  `approved_date` datetime DEFAULT NULL,
  `approved_by` int DEFAULT NULL,
  `status` tinyint NOT NULL DEFAULT '1',
  `created_by` int NOT NULL,
  `created_on` datetime NOT NULL,
  `modified_by` int DEFAULT NULL,
  `modified_on` datetime DEFAULT NULL,
  PRIMARY KEY (`id`)
) ENGINE=MyISAM DEFAULT CHARSET=latin1;

-- --------------------------------------------------------

--
-- Table structure for table `bf_vision_shop_order_items`
--

DROP TABLE IF EXISTS `bf_vision_shop_order_items`;
CREATE TABLE IF NOT EXISTS `bf_vision_shop_order_items` (
  `id` int NOT NULL AUTO_INCREMENT,
  `order_id` int NOT NULL,
  `product_id` int NOT NULL,
  `order_qty` float NOT NULL,
  `received_qty` float DEFAULT NULL,
  `status` tinyint NOT NULL DEFAULT '1',
  `created_by` int NOT NULL,
  `created_on` datetime NOT NULL,
  `modified_by` int DEFAULT NULL,
  `modified_on` datetime DEFAULT NULL,
  PRIMARY KEY (`id`)
) ENGINE=MyISAM DEFAULT CHARSET=latin1;

-- --------------------------------------------------------

--
-- Table structure for table `bf_vision_stock_shop`
--

DROP TABLE IF EXISTS `bf_vision_stock_shop`;
CREATE TABLE IF NOT EXISTS `bf_vision_stock_shop` (
  `id` int NOT NULL AUTO_INCREMENT,
  `product_id` int NOT NULL,
  `batch_no` varchar(20) DEFAULT NULL,
  `expiry_date` date DEFAULT NULL,
  `store_stock_id` int DEFAULT NULL,
  `purchased_qty` int NOT NULL,
  `current_qty` int NOT NULL,
  `purchased_date` datetime NOT NULL,
  `buying_price` double NOT NULL,
  `store_order_id` int NOT NULL,
  `status` int NOT NULL COMMENT '0--Inactive 1--Active 2--complete',
  `created_on` datetime NOT NULL,
  `created_by` int NOT NULL,
  `modified_on` datetime DEFAULT NULL,
  `modified_by` int DEFAULT NULL,
  PRIMARY KEY (`id`)
) ENGINE=InnoDB AUTO_INCREMENT=1031 DEFAULT CHARSET=utf8 COMMENT='Stock in the shop';

-- --------------------------------------------------------

--
-- Table structure for table `bf_vision_stock_store`
--

DROP TABLE IF EXISTS `bf_vision_stock_store`;
CREATE TABLE IF NOT EXISTS `bf_vision_stock_store` (
  `id` int NOT NULL AUTO_INCREMENT,
  `product_id` int NOT NULL,
  `batch_no` varchar(30) DEFAULT NULL,
  `expiry_date` date DEFAULT NULL,
  `purchased_qty` int NOT NULL,
  `current_qty` int NOT NULL,
  `supply_order_id` int NOT NULL,
  `purchased_date` datetime NOT NULL,
  `buying_price` double NOT NULL,
  `supplier_id` int DEFAULT NULL,
  `status` int NOT NULL COMMENT '0--Inactive 1--Active 2--Complete',
  `created_on` datetime NOT NULL,
  `created_by` int NOT NULL,
  `modified_on` datetime DEFAULT NULL,
  `modified_by` int DEFAULT NULL,
  PRIMARY KEY (`id`)
) ENGINE=InnoDB AUTO_INCREMENT=1052 DEFAULT CHARSET=utf8 COMMENT='Track Store Stock';

-- --------------------------------------------------------

--
-- Table structure for table `bf_vision_suppliers`
--

DROP TABLE IF EXISTS `bf_vision_suppliers`;
CREATE TABLE IF NOT EXISTS `bf_vision_suppliers` (
  `id` int NOT NULL AUTO_INCREMENT,
  `name` varchar(50) NOT NULL,
  `phone` varchar(50) NOT NULL,
  `address` varchar(50) NOT NULL,
  `email` varchar(50) DEFAULT NULL,
  `status` tinyint NOT NULL,
  `created_on` datetime DEFAULT NULL,
  `created_by` int DEFAULT NULL,
  `modified_on` datetime DEFAULT NULL,
  `modified_by` int DEFAULT NULL,
  PRIMARY KEY (`id`)
) ENGINE=InnoDB AUTO_INCREMENT=20 DEFAULT CHARSET=utf8;

-- --------------------------------------------------------

--
-- Table structure for table `bf_vision_supplier_transactions`
--

DROP TABLE IF EXISTS `bf_vision_supplier_transactions`;
CREATE TABLE IF NOT EXISTS `bf_vision_supplier_transactions` (
  `id` int NOT NULL AUTO_INCREMENT,
  `supplier_id` int NOT NULL,
  `description` text,
  `transaction_date` date DEFAULT NULL,
  `transaction_type` tinyint NOT NULL COMMENT '1:debit, 2:credit',
  `amount` double NOT NULL,
  `created_on` datetime NOT NULL,
  `created_by` int NOT NULL,
  `modified_on` datetime DEFAULT NULL,
  `modified_by` int DEFAULT NULL,
  PRIMARY KEY (`id`)
) ENGINE=MyISAM AUTO_INCREMENT=115 DEFAULT CHARSET=latin1;

-- --------------------------------------------------------

--
-- Table structure for table `bf_vision_supply_orders`
--

DROP TABLE IF EXISTS `bf_vision_supply_orders`;
CREATE TABLE IF NOT EXISTS `bf_vision_supply_orders` (
  `id` int NOT NULL AUTO_INCREMENT,
  `supplier_id` int DEFAULT NULL,
  `invoice_number` varchar(50) DEFAULT NULL,
  `delivery_date` datetime DEFAULT NULL,
  `payment_date` datetime DEFAULT NULL,
  `status` tinyint NOT NULL,
  `created_on` datetime NOT NULL,
  `created_by` int NOT NULL,
  `modified_on` datetime DEFAULT NULL,
  `modified_by` int DEFAULT NULL,
  PRIMARY KEY (`id`)
) ENGINE=InnoDB AUTO_INCREMENT=133 DEFAULT CHARSET=utf8 COMMENT='Suppliers orders';

-- --------------------------------------------------------

--
-- Table structure for table `bf_vision_supply_payments`
--

DROP TABLE IF EXISTS `bf_vision_supply_payments`;
CREATE TABLE IF NOT EXISTS `bf_vision_supply_payments` (
  `id` int NOT NULL AUTO_INCREMENT,
  `supply_order_id` int NOT NULL,
  `description` varchar(50) NOT NULL,
  `due_date` datetime NOT NULL,
  `order_amount` double NOT NULL,
  `amount_paid` double NOT NULL,
  `status` tinyint NOT NULL,
  `created_on` datetime NOT NULL,
  `created_by` int NOT NULL,
  `modified_on` datetime DEFAULT NULL,
  `modified_by` int DEFAULT NULL,
  PRIMARY KEY (`id`)
) ENGINE=InnoDB DEFAULT CHARSET=utf8 COMMENT='Some actions should be (clear,amount paid or postpone)';

-- --------------------------------------------------------

--
-- Table structure for table `bf_vision_wholesale_mearesuments`
--

DROP TABLE IF EXISTS `bf_vision_wholesale_mearesuments`;
CREATE TABLE IF NOT EXISTS `bf_vision_wholesale_mearesuments` (
  `id` int NOT NULL AUTO_INCREMENT,
  `name` varchar(50) DEFAULT NULL,
  `status` tinyint DEFAULT NULL,
  `created_on` datetime NOT NULL,
  `created_by` int NOT NULL,
  `modified_on` datetime DEFAULT NULL,
  `modified_by` int DEFAULT NULL,
  PRIMARY KEY (`id`)
) ENGINE=InnoDB DEFAULT CHARSET=utf8;

-- --------------------------------------------------------

--
-- Table structure for table `bf_vision_wholesale_retail_units`
--

DROP TABLE IF EXISTS `bf_vision_wholesale_retail_units`;
CREATE TABLE IF NOT EXISTS `bf_vision_wholesale_retail_units` (
  `id` int NOT NULL AUTO_INCREMENT,
  `measurement_unit` int DEFAULT NULL,
  `retail_unit_id` int DEFAULT NULL,
  `retailsunits` int DEFAULT NULL COMMENT 'Number of retails units making up one wholesale unit',
  `status` tinyint DEFAULT NULL,
  `created_on` datetime NOT NULL,
  `created_by` int NOT NULL,
  `modified_on` datetime DEFAULT NULL,
  `modified_by` int DEFAULT NULL,
  PRIMARY KEY (`id`)
) ENGINE=InnoDB DEFAULT CHARSET=utf8;
COMMIT;

/*!40101 SET CHARACTER_SET_CLIENT=@OLD_CHARACTER_SET_CLIENT */;
/*!40101 SET CHARACTER_SET_RESULTS=@OLD_CHARACTER_SET_RESULTS */;
/*!40101 SET COLLATION_CONNECTION=@OLD_COLLATION_CONNECTION */;
